2025.05.09 00:23:42 INFO  Started: Metals version 1.5.2 in folders 'E:\Academics\PhD\4.Chisel\chisel-tutorial' for client Visual Studio Code 1.99.3.
2025.05.09 00:24:26 INFO  no build target found for E:\Academics\PhD\4.Chisel\chisel-tutorial\src\main\scala\problems\Accumulator.scala. Using presentation compiler with project's scala-library version: 3.3.5
2025.05.09 00:24:26 INFO  no build target found for E:\Academics\PhD\4.Chisel\chisel-tutorial\src\main\scala\problems\Accumulator.scala. Using presentation compiler with project's scala-library version: 3.3.5
2025.05.09 00:24:35 INFO  no build target found for E:\Academics\PhD\4.Chisel\chisel-tutorial\src\main\scala\problems\Accumulator.scala. Using presentation compiler with project's scala-library version: 3.3.5
2025.05.09 00:24:35 WARN  no build target for: E:\Academics\PhD\4.Chisel\chisel-tutorial\src\main\scala\problems\Accumulator.scala
2025.05.09 00:24:35 INFO  no build target found for E:\Academics\PhD\4.Chisel\chisel-tutorial\src\main\scala\problems\Accumulator.scala. Using presentation compiler with project's scala-library version: 3.3.5
2025.05.09 00:24:37 INFO  time: code lens generation in 2.07s
2025.05.09 00:24:37 INFO  time: code lens generation in 1.43s
2025.05.09 00:24:41 INFO  no build target found for E:\Academics\PhD\4.Chisel\chisel-tutorial\src\main\scala\solutions\Accumulator.scala. Using presentation compiler with project's scala-library version: 3.3.5
2025.05.09 00:24:41 WARN  no build target for: E:\Academics\PhD\4.Chisel\chisel-tutorial\src\main\scala\solutions\Accumulator.scala
2025.05.09 00:24:41 INFO  no build target found for E:\Academics\PhD\4.Chisel\chisel-tutorial\src\main\scala\solutions\Accumulator.scala. Using presentation compiler with project's scala-library version: 3.3.5
2025.05.09 00:24:41 INFO  no build target found for E:\Academics\PhD\4.Chisel\chisel-tutorial\src\main\scala\solutions\Accumulator.scala. Using presentation compiler with project's scala-library version: 3.3.5
2025.05.09 00:24:41 INFO  no build target found for E:\Academics\PhD\4.Chisel\chisel-tutorial\src\main\scala\solutions\Accumulator.scala. Using presentation compiler with project's scala-library version: 3.3.5
2025.05.09 00:24:42 WARN  no build target for: E:\Academics\PhD\4.Chisel\chisel-tutorial\src\main\scala\problems\Accumulator.scala
2025.05.09 00:24:42 INFO  no build target found for E:\Academics\PhD\4.Chisel\chisel-tutorial\src\main\scala\problems\Accumulator.scala. Using presentation compiler with project's scala-library version: 3.3.5
2025.05.09 00:24:42 INFO  no build target found for E:\Academics\PhD\4.Chisel\chisel-tutorial\src\main\scala\problems\Accumulator.scala. Using presentation compiler with project's scala-library version: 3.3.5
2025.05.09 00:24:51 INFO  no build target found for E:\Academics\PhD\4.Chisel\chisel-tutorial\src\main\scala\problems\Accumulator.scala. Using presentation compiler with project's scala-library version: 3.3.5
2025.05.09 00:24:54 WARN  no build target for: E:\Academics\PhD\4.Chisel\chisel-tutorial\src\main\scala\examples\Adder.scala
2025.05.09 00:24:54 INFO  no build target found for E:\Academics\PhD\4.Chisel\chisel-tutorial\src\main\scala\examples\Adder.scala. Using presentation compiler with project's scala-library version: 3.3.5
2025.05.09 00:24:54 INFO  no build target found for E:\Academics\PhD\4.Chisel\chisel-tutorial\src\main\scala\examples\Adder.scala. Using presentation compiler with project's scala-library version: 3.3.5
2025.05.09 00:24:54 INFO  no build target found for E:\Academics\PhD\4.Chisel\chisel-tutorial\src\main\scala\examples\Adder.scala. Using presentation compiler with project's scala-library version: 3.3.5
May 09, 2025 12:24:54 AM org.eclipse.lsp4j.jsonrpc.RemoteEndpoint handleCancellation
WARNING: Unmatched cancel notification for request id 26
2025.05.09 00:24:54 INFO  no build target found for E:\Academics\PhD\4.Chisel\chisel-tutorial\src\main\scala\examples\Adder.scala. Using presentation compiler with project's scala-library version: 3.3.5
2025.05.09 00:26:52 INFO  no build target found for E:\Academics\PhD\4.Chisel\chisel-tutorial\src\main\scala\solutions\Accumulator.scala. Using presentation compiler with project's scala-library version: 3.3.5
2025.05.09 00:29:01 INFO  no build target found for E:\Academics\PhD\4.Chisel\chisel-tutorial\src\main\scala\examples\Adder.scala. Using presentation compiler with project's scala-library version: 3.3.5
2025.05.09 00:29:01 INFO  no build target found for E:\Academics\PhD\4.Chisel\chisel-tutorial\src\main\scala\examples\Adder.scala. Using presentation compiler with project's scala-library version: 3.3.5
2025.05.09 00:29:01 INFO  no build target found for E:\Academics\PhD\4.Chisel\chisel-tutorial\src\main\scala\examples\Adder.scala. Using presentation compiler with project's scala-library version: 3.3.5
2025.05.09 00:29:01 INFO  no build target found for E:\Academics\PhD\4.Chisel\chisel-tutorial\src\main\scala\examples\Adder.scala. Using presentation compiler with project's scala-library version: 3.3.5
2025.05.09 00:29:02 INFO  no build target found for E:\Academics\PhD\4.Chisel\chisel-tutorial\src\main\scala\examples\Adder.scala. Using presentation compiler with project's scala-library version: 3.3.5
2025.05.09 00:29:02 INFO  no build target found for E:\Academics\PhD\4.Chisel\chisel-tutorial\src\main\scala\examples\Adder.scala. Using presentation compiler with project's scala-library version: 3.3.5
2025.05.09 00:29:02 INFO  no build target found for E:\Academics\PhD\4.Chisel\chisel-tutorial\src\main\scala\examples\Adder.scala. Using presentation compiler with project's scala-library version: 3.3.5
2025.05.09 00:29:03 INFO  no build target found for E:\Academics\PhD\4.Chisel\chisel-tutorial\src\main\scala\examples\Adder.scala. Using presentation compiler with project's scala-library version: 3.3.5
2025.05.09 00:29:03 INFO  no build target found for E:\Academics\PhD\4.Chisel\chisel-tutorial\src\main\scala\examples\Adder.scala. Using presentation compiler with project's scala-library version: 3.3.5
2025.05.09 00:29:04 INFO  no build target found for E:\Academics\PhD\4.Chisel\chisel-tutorial\src\main\scala\examples\Adder.scala. Using presentation compiler with project's scala-library version: 3.3.5
2025.05.09 00:29:04 INFO  no build target found for E:\Academics\PhD\4.Chisel\chisel-tutorial\src\main\scala\examples\Adder.scala. Using presentation compiler with project's scala-library version: 3.3.5
2025.05.09 00:29:04 INFO  no build target found for E:\Academics\PhD\4.Chisel\chisel-tutorial\src\main\scala\examples\Adder.scala. Using presentation compiler with project's scala-library version: 3.3.5
2025.05.09 00:29:06 INFO  no build target found for E:\Academics\PhD\4.Chisel\chisel-tutorial\src\main\scala\examples\Adder.scala. Using presentation compiler with project's scala-library version: 3.3.5
2025.05.09 00:29:06 INFO  no build target found for E:\Academics\PhD\4.Chisel\chisel-tutorial\src\main\scala\examples\Adder.scala. Using presentation compiler with project's scala-library version: 3.3.5
2025.05.09 00:29:06 INFO  no build target found for E:\Academics\PhD\4.Chisel\chisel-tutorial\src\main\scala\examples\Adder.scala. Using presentation compiler with project's scala-library version: 3.3.5
2025.05.09 00:29:07 INFO  no build target found for E:\Academics\PhD\4.Chisel\chisel-tutorial\src\main\scala\examples\Adder.scala. Using presentation compiler with project's scala-library version: 3.3.5
2025.05.09 00:29:07 INFO  no build target found for E:\Academics\PhD\4.Chisel\chisel-tutorial\src\main\scala\examples\Adder.scala. Using presentation compiler with project's scala-library version: 3.3.5
2025.05.09 00:29:07 INFO  no build target found for E:\Academics\PhD\4.Chisel\chisel-tutorial\src\main\scala\examples\Adder.scala. Using presentation compiler with project's scala-library version: 3.3.5
2025.05.09 00:29:08 INFO  no build target found for E:\Academics\PhD\4.Chisel\chisel-tutorial\src\main\scala\examples\Adder.scala. Using presentation compiler with project's scala-library version: 3.3.5
2025.05.09 00:29:08 INFO  no build target found for E:\Academics\PhD\4.Chisel\chisel-tutorial\src\main\scala\examples\Adder.scala. Using presentation compiler with project's scala-library version: 3.3.5
2025.05.09 00:29:09 INFO  no build target found for E:\Academics\PhD\4.Chisel\chisel-tutorial\src\main\scala\examples\Adder.scala. Using presentation compiler with project's scala-library version: 3.3.5
2025.05.09 00:29:09 INFO  no build target found for E:\Academics\PhD\4.Chisel\chisel-tutorial\src\main\scala\examples\Adder.scala. Using presentation compiler with project's scala-library version: 3.3.5
2025.05.09 00:29:09 INFO  no build target found for E:\Academics\PhD\4.Chisel\chisel-tutorial\src\main\scala\examples\Adder.scala. Using presentation compiler with project's scala-library version: 3.3.5
2025.05.09 00:29:10 INFO  no build target found for E:\Academics\PhD\4.Chisel\chisel-tutorial\src\main\scala\examples\Adder.scala. Using presentation compiler with project's scala-library version: 3.3.5
2025.05.09 00:29:10 INFO  no build target found for E:\Academics\PhD\4.Chisel\chisel-tutorial\src\main\scala\examples\Adder.scala. Using presentation compiler with project's scala-library version: 3.3.5
2025.05.09 00:29:12 INFO  no build target found for E:\Academics\PhD\4.Chisel\chisel-tutorial\src\main\scala\examples\Adder.scala. Using presentation compiler with project's scala-library version: 3.3.5
2025.05.09 00:29:13 INFO  no build target found for E:\Academics\PhD\4.Chisel\chisel-tutorial\src\main\scala\examples\Adder.scala. Using presentation compiler with project's scala-library version: 3.3.5
2025.05.09 00:29:13 INFO  no build target found for E:\Academics\PhD\4.Chisel\chisel-tutorial\src\main\scala\examples\Adder.scala. Using presentation compiler with project's scala-library version: 3.3.5
2025.05.09 00:29:15 INFO  no build target found for E:\Academics\PhD\4.Chisel\chisel-tutorial\src\main\scala\examples\Adder.scala. Using presentation compiler with project's scala-library version: 3.3.5
2025.05.09 00:29:15 INFO  no build target found for E:\Academics\PhD\4.Chisel\chisel-tutorial\src\main\scala\examples\Adder.scala. Using presentation compiler with project's scala-library version: 3.3.5
2025.05.09 00:29:16 INFO  no build target found for E:\Academics\PhD\4.Chisel\chisel-tutorial\src\main\scala\examples\Adder.scala. Using presentation compiler with project's scala-library version: 3.3.5
2025.05.09 00:29:16 INFO  no build target found for E:\Academics\PhD\4.Chisel\chisel-tutorial\src\main\scala\examples\Adder.scala. Using presentation compiler with project's scala-library version: 3.3.5
2025.05.09 00:29:16 INFO  no build target found for E:\Academics\PhD\4.Chisel\chisel-tutorial\src\main\scala\examples\Adder.scala. Using presentation compiler with project's scala-library version: 3.3.5
2025.05.09 00:29:18 INFO  no build target found for E:\Academics\PhD\4.Chisel\chisel-tutorial\src\main\scala\examples\Adder.scala. Using presentation compiler with project's scala-library version: 3.3.5
2025.05.09 00:29:18 INFO  no build target found for E:\Academics\PhD\4.Chisel\chisel-tutorial\src\main\scala\examples\Adder.scala. Using presentation compiler with project's scala-library version: 3.3.5
2025.05.09 00:29:18 INFO  no build target found for E:\Academics\PhD\4.Chisel\chisel-tutorial\src\main\scala\examples\Adder.scala. Using presentation compiler with project's scala-library version: 3.3.5
2025.05.09 00:29:20 INFO  no build target found for E:\Academics\PhD\4.Chisel\chisel-tutorial\src\main\scala\examples\Adder.scala. Using presentation compiler with project's scala-library version: 3.3.5
2025.05.09 00:29:21 INFO  no build target found for E:\Academics\PhD\4.Chisel\chisel-tutorial\src\main\scala\examples\Adder.scala. Using presentation compiler with project's scala-library version: 3.3.5
2025.05.09 00:29:21 INFO  no build target found for E:\Academics\PhD\4.Chisel\chisel-tutorial\src\main\scala\examples\Adder.scala. Using presentation compiler with project's scala-library version: 3.3.5
2025.05.09 00:29:21 INFO  no build target found for E:\Academics\PhD\4.Chisel\chisel-tutorial\src\main\scala\examples\Adder.scala. Using presentation compiler with project's scala-library version: 3.3.5
2025.05.09 00:29:23 INFO  no build target found for E:\Academics\PhD\4.Chisel\chisel-tutorial\src\main\scala\examples\Adder.scala. Using presentation compiler with project's scala-library version: 3.3.5
2025.05.09 00:29:23 INFO  no build target found for E:\Academics\PhD\4.Chisel\chisel-tutorial\src\main\scala\examples\Adder.scala. Using presentation compiler with project's scala-library version: 3.3.5
2025.05.09 00:29:25 INFO  no build target found for E:\Academics\PhD\4.Chisel\chisel-tutorial\src\main\scala\examples\Adder.scala. Using presentation compiler with project's scala-library version: 3.3.5
2025.05.09 00:29:25 INFO  no build target found for E:\Academics\PhD\4.Chisel\chisel-tutorial\src\main\scala\examples\Adder.scala. Using presentation compiler with project's scala-library version: 3.3.5
2025.05.09 00:29:25 INFO  no build target found for E:\Academics\PhD\4.Chisel\chisel-tutorial\src\main\scala\examples\Adder.scala. Using presentation compiler with project's scala-library version: 3.3.5
2025.05.09 00:29:25 INFO  no build target found for E:\Academics\PhD\4.Chisel\chisel-tutorial\src\main\scala\examples\Adder.scala. Using presentation compiler with project's scala-library version: 3.3.5
2025.05.09 00:29:26 INFO  no build target found for E:\Academics\PhD\4.Chisel\chisel-tutorial\src\main\scala\examples\Adder.scala. Using presentation compiler with project's scala-library version: 3.3.5
2025.05.09 00:29:27 INFO  no build target found for E:\Academics\PhD\4.Chisel\chisel-tutorial\src\main\scala\examples\Adder.scala. Using presentation compiler with project's scala-library version: 3.3.5
2025.05.09 00:29:28 INFO  no build target found for E:\Academics\PhD\4.Chisel\chisel-tutorial\src\main\scala\examples\Adder.scala. Using presentation compiler with project's scala-library version: 3.3.5
2025.05.09 00:29:30 INFO  no build target found for E:\Academics\PhD\4.Chisel\chisel-tutorial\src\main\scala\examples\Adder.scala. Using presentation compiler with project's scala-library version: 3.3.5
2025.05.09 00:29:32 INFO  no build target found for E:\Academics\PhD\4.Chisel\chisel-tutorial\src\main\scala\examples\Adder.scala. Using presentation compiler with project's scala-library version: 3.3.5
2025.05.09 00:29:37 INFO  no build target found for E:\Academics\PhD\4.Chisel\chisel-tutorial\src\main\scala\examples\Adder.scala. Using presentation compiler with project's scala-library version: 3.3.5
2025.05.09 00:29:37 INFO  no build target found for E:\Academics\PhD\4.Chisel\chisel-tutorial\src\main\scala\examples\Adder.scala. Using presentation compiler with project's scala-library version: 3.3.5
2025.05.09 00:29:37 INFO  no build target found for E:\Academics\PhD\4.Chisel\chisel-tutorial\src\main\scala\examples\Adder.scala. Using presentation compiler with project's scala-library version: 3.3.5
2025.05.09 00:29:39 INFO  no build target found for E:\Academics\PhD\4.Chisel\chisel-tutorial\src\main\scala\examples\Adder.scala. Using presentation compiler with project's scala-library version: 3.3.5
2025.05.09 00:29:39 INFO  no build target found for E:\Academics\PhD\4.Chisel\chisel-tutorial\src\main\scala\examples\Adder.scala. Using presentation compiler with project's scala-library version: 3.3.5
2025.05.09 00:29:39 INFO  no build target found for E:\Academics\PhD\4.Chisel\chisel-tutorial\src\main\scala\examples\Adder.scala. Using presentation compiler with project's scala-library version: 3.3.5
2025.05.09 00:29:40 INFO  no build target found for E:\Academics\PhD\4.Chisel\chisel-tutorial\src\main\scala\examples\Adder.scala. Using presentation compiler with project's scala-library version: 3.3.5
2025.05.09 00:29:40 INFO  no build target found for E:\Academics\PhD\4.Chisel\chisel-tutorial\src\main\scala\examples\Adder.scala. Using presentation compiler with project's scala-library version: 3.3.5
2025.05.09 00:29:40 INFO  no build target found for E:\Academics\PhD\4.Chisel\chisel-tutorial\src\main\scala\examples\Adder.scala. Using presentation compiler with project's scala-library version: 3.3.5
2025.05.09 00:29:40 INFO  no build target found for E:\Academics\PhD\4.Chisel\chisel-tutorial\src\main\scala\examples\Adder.scala. Using presentation compiler with project's scala-library version: 3.3.5
2025.05.09 00:29:41 INFO  no build target found for E:\Academics\PhD\4.Chisel\chisel-tutorial\src\main\scala\examples\Adder.scala. Using presentation compiler with project's scala-library version: 3.3.5
2025.05.09 00:29:41 INFO  no build target found for E:\Academics\PhD\4.Chisel\chisel-tutorial\src\main\scala\examples\Adder.scala. Using presentation compiler with project's scala-library version: 3.3.5
2025.05.09 00:29:41 INFO  no build target found for E:\Academics\PhD\4.Chisel\chisel-tutorial\src\main\scala\examples\Adder.scala. Using presentation compiler with project's scala-library version: 3.3.5
2025.05.09 00:29:41 INFO  no build target found for E:\Academics\PhD\4.Chisel\chisel-tutorial\src\main\scala\examples\Adder.scala. Using presentation compiler with project's scala-library version: 3.3.5
2025.05.09 00:29:41 INFO  no build target found for E:\Academics\PhD\4.Chisel\chisel-tutorial\src\main\scala\examples\Adder.scala. Using presentation compiler with project's scala-library version: 3.3.5
2025.05.09 00:29:42 INFO  no build target found for E:\Academics\PhD\4.Chisel\chisel-tutorial\src\main\scala\examples\Adder.scala. Using presentation compiler with project's scala-library version: 3.3.5
2025.05.09 00:29:43 INFO  no build target found for E:\Academics\PhD\4.Chisel\chisel-tutorial\src\main\scala\examples\Adder.scala. Using presentation compiler with project's scala-library version: 3.3.5
2025.05.09 00:29:43 INFO  no build target found for E:\Academics\PhD\4.Chisel\chisel-tutorial\src\main\scala\examples\Adder.scala. Using presentation compiler with project's scala-library version: 3.3.5
2025.05.09 00:29:48 INFO  no build target found for E:\Academics\PhD\4.Chisel\chisel-tutorial\src\main\scala\examples\Adder.scala. Using presentation compiler with project's scala-library version: 3.3.5
2025.05.09 00:29:48 INFO  no build target found for E:\Academics\PhD\4.Chisel\chisel-tutorial\src\main\scala\examples\Adder.scala. Using presentation compiler with project's scala-library version: 3.3.5
2025.05.09 00:29:49 INFO  no build target found for E:\Academics\PhD\4.Chisel\chisel-tutorial\src\main\scala\examples\Adder.scala. Using presentation compiler with project's scala-library version: 3.3.5
2025.05.09 00:29:49 INFO  no build target found for E:\Academics\PhD\4.Chisel\chisel-tutorial\src\main\scala\examples\Adder.scala. Using presentation compiler with project's scala-library version: 3.3.5
2025.05.09 00:29:49 INFO  no build target found for E:\Academics\PhD\4.Chisel\chisel-tutorial\src\main\scala\examples\Adder.scala. Using presentation compiler with project's scala-library version: 3.3.5
2025.05.09 00:29:51 INFO  no build target found for E:\Academics\PhD\4.Chisel\chisel-tutorial\src\main\scala\examples\Adder.scala. Using presentation compiler with project's scala-library version: 3.3.5
2025.05.09 00:29:51 INFO  no build target found for E:\Academics\PhD\4.Chisel\chisel-tutorial\src\main\scala\examples\Adder.scala. Using presentation compiler with project's scala-library version: 3.3.5
2025.05.09 00:29:56 INFO  no build target found for E:\Academics\PhD\4.Chisel\chisel-tutorial\src\main\scala\examples\Adder.scala. Using presentation compiler with project's scala-library version: 3.3.5
2025.05.09 02:04:07 INFO  no build target found for E:\Academics\PhD\4.Chisel\chisel-tutorial\src\main\scala\hello\Hello.scala. Using presentation compiler with project's scala-library version: 3.3.5
2025.05.09 02:04:07 WARN  no build target for: E:\Academics\PhD\4.Chisel\chisel-tutorial\src\main\scala\hello\Hello.scala
2025.05.09 02:04:07 INFO  no build target found for E:\Academics\PhD\4.Chisel\chisel-tutorial\src\main\scala\hello\Hello.scala. Using presentation compiler with project's scala-library version: 3.3.5
2025.05.09 02:04:07 INFO  no build target found for E:\Academics\PhD\4.Chisel\chisel-tutorial\src\main\scala\hello\Hello.scala. Using presentation compiler with project's scala-library version: 3.3.5
2025.05.09 02:04:08 INFO  no build target found for E:\Academics\PhD\4.Chisel\chisel-tutorial\src\main\scala\hello\Hello.scala. Using presentation compiler with project's scala-library version: 3.3.5
2025.05.09 02:04:46 INFO  no build target found for E:\Academics\PhD\4.Chisel\chisel-tutorial\src\main\scala\hello\Hello.scala. Using presentation compiler with project's scala-library version: 3.3.5
2025.05.09 02:04:46 WARN  no build target for: E:\Academics\PhD\4.Chisel\chisel-tutorial\src\test\scala\problems\AccumulatorTest.scala
2025.05.09 02:04:46 INFO  no build target found for E:\Academics\PhD\4.Chisel\chisel-tutorial\src\test\scala\problems\AccumulatorTest.scala. Using presentation compiler with project's scala-library version: 3.3.5
2025.05.09 02:04:46 INFO  no build target found for E:\Academics\PhD\4.Chisel\chisel-tutorial\src\test\scala\problems\AccumulatorTest.scala. Using presentation compiler with project's scala-library version: 3.3.5
2025.05.09 02:04:46 INFO  no build target found for E:\Academics\PhD\4.Chisel\chisel-tutorial\src\test\scala\problems\AccumulatorTest.scala. Using presentation compiler with project's scala-library version: 3.3.5
2025.05.09 02:04:46 INFO  no build target found for E:\Academics\PhD\4.Chisel\chisel-tutorial\src\test\scala\problems\AccumulatorTest.scala. Using presentation compiler with project's scala-library version: 3.3.5
2025.05.09 02:04:47 INFO  no build target found for E:\Academics\PhD\4.Chisel\chisel-tutorial\src\test\scala\problems\AccumulatorTest.scala. Using presentation compiler with project's scala-library version: 3.3.5
2025.05.09 02:04:51 INFO  no build target found for E:\Academics\PhD\4.Chisel\chisel-tutorial\src\test\scala\problems\AccumulatorTest.scala. Using presentation compiler with project's scala-library version: 3.3.5
2025.05.09 02:04:53 WARN  no build target for: E:\Academics\PhD\4.Chisel\chisel-tutorial\src\main\scala\examples\Adder.scala
2025.05.09 02:04:53 INFO  no build target found for E:\Academics\PhD\4.Chisel\chisel-tutorial\src\main\scala\examples\Adder.scala. Using presentation compiler with project's scala-library version: 3.3.5
2025.05.09 02:04:53 INFO  no build target found for E:\Academics\PhD\4.Chisel\chisel-tutorial\src\main\scala\examples\Adder.scala. Using presentation compiler with project's scala-library version: 3.3.5
2025.05.09 02:04:53 INFO  no build target found for E:\Academics\PhD\4.Chisel\chisel-tutorial\src\main\scala\examples\Adder.scala. Using presentation compiler with project's scala-library version: 3.3.5
2025.05.09 02:05:07 INFO  no build target found for E:\Academics\PhD\4.Chisel\chisel-tutorial\src\main\scala\examples\Adder.scala. Using presentation compiler with project's scala-library version: 3.3.5
2025.05.09 02:07:45 INFO  no build target found for E:\Academics\PhD\4.Chisel\chisel-tutorial\src\test\scala\problems\Mux4Tests.scala. Using presentation compiler with project's scala-library version: 3.3.5
2025.05.09 02:07:45 WARN  no build target for: E:\Academics\PhD\4.Chisel\chisel-tutorial\src\test\scala\problems\Mux4Tests.scala
2025.05.09 02:07:45 INFO  no build target found for E:\Academics\PhD\4.Chisel\chisel-tutorial\src\test\scala\problems\Mux4Tests.scala. Using presentation compiler with project's scala-library version: 3.3.5
2025.05.09 02:07:45 INFO  no build target found for E:\Academics\PhD\4.Chisel\chisel-tutorial\src\test\scala\problems\Mux4Tests.scala. Using presentation compiler with project's scala-library version: 3.3.5
2025.05.09 02:07:45 INFO  no build target found for E:\Academics\PhD\4.Chisel\chisel-tutorial\src\test\scala\problems\Mux4Tests.scala. Using presentation compiler with project's scala-library version: 3.3.5
2025.05.09 02:07:45 INFO  no build target found for E:\Academics\PhD\4.Chisel\chisel-tutorial\src\test\scala\problems\Mux4Tests.scala. Using presentation compiler with project's scala-library version: 3.3.5
2025.05.09 02:08:19 INFO  no build target found for E:\Academics\PhD\4.Chisel\chisel-tutorial\src\test\scala\problems\Mux4Tests.scala. Using presentation compiler with project's scala-library version: 3.3.5
2025.05.09 02:09:40 INFO  no build target found for E:\Academics\PhD\4.Chisel\chisel-tutorial\src\main\scala\solutions\Adder.scala. Using presentation compiler with project's scala-library version: 3.3.5
2025.05.09 02:09:40 WARN  no build target for: E:\Academics\PhD\4.Chisel\chisel-tutorial\src\main\scala\solutions\Adder.scala
2025.05.09 02:09:40 INFO  no build target found for E:\Academics\PhD\4.Chisel\chisel-tutorial\src\main\scala\solutions\Adder.scala. Using presentation compiler with project's scala-library version: 3.3.5
2025.05.09 02:09:40 INFO  no build target found for E:\Academics\PhD\4.Chisel\chisel-tutorial\src\main\scala\solutions\Adder.scala. Using presentation compiler with project's scala-library version: 3.3.5
2025.05.09 02:09:40 INFO  no build target found for E:\Academics\PhD\4.Chisel\chisel-tutorial\src\main\scala\solutions\Adder.scala. Using presentation compiler with project's scala-library version: 3.3.5
2025.05.09 02:09:40 INFO  no build target found for E:\Academics\PhD\4.Chisel\chisel-tutorial\src\main\scala\solutions\Adder.scala. Using presentation compiler with project's scala-library version: 3.3.5
2025.05.09 02:09:40 INFO  no build target found for E:\Academics\PhD\4.Chisel\chisel-tutorial\src\main\scala\solutions\Accumulator.scala. Using presentation compiler with project's scala-library version: 3.3.5
2025.05.09 02:09:41 WARN  no build target for: E:\Academics\PhD\4.Chisel\chisel-tutorial\src\main\scala\solutions\Accumulator.scala
2025.05.09 02:09:40 INFO  no build target found for E:\Academics\PhD\4.Chisel\chisel-tutorial\src\main\scala\solutions\Accumulator.scala. Using presentation compiler with project's scala-library version: 3.3.5
2025.05.09 02:09:41 INFO  no build target found for E:\Academics\PhD\4.Chisel\chisel-tutorial\src\main\scala\solutions\Accumulator.scala. Using presentation compiler with project's scala-library version: 3.3.5
2025.05.09 02:09:41 INFO  no build target found for E:\Academics\PhD\4.Chisel\chisel-tutorial\src\main\scala\solutions\Accumulator.scala. Using presentation compiler with project's scala-library version: 3.3.5
2025.05.09 02:09:42 INFO  no build target found for E:\Academics\PhD\4.Chisel\chisel-tutorial\src\main\scala\solutions\Accumulator.scala. Using presentation compiler with project's scala-library version: 3.3.5
2025.05.09 02:09:43 INFO  no build target found for E:\Academics\PhD\4.Chisel\chisel-tutorial\src\test\scala\problems\Mux4Tests.scala. Using presentation compiler with project's scala-library version: 3.3.5
2025.05.09 02:09:44 INFO  no build target found for E:\Academics\PhD\4.Chisel\chisel-tutorial\src\main\scala\examples\Adder.scala. Using presentation compiler with project's scala-library version: 3.3.5
2025.05.09 02:09:46 INFO  no build target found for E:\Academics\PhD\4.Chisel\chisel-tutorial\src\main\scala\problems\Accumulator.scala. Using presentation compiler with project's scala-library version: 3.3.5
2025.05.09 02:09:47 INFO  no build target found for E:\Academics\PhD\4.Chisel\chisel-tutorial\src\test\scala\problems\AccumulatorTest.scala. Using presentation compiler with project's scala-library version: 3.3.5
2025.05.09 02:09:53 INFO  no build target found for E:\Academics\PhD\4.Chisel\chisel-tutorial\src\main\scala\solutions\Accumulator.scala. Using presentation compiler with project's scala-library version: 3.3.5
2025.05.09 02:09:57 INFO  no build target found for E:\Academics\PhD\4.Chisel\chisel-tutorial\src\main\scala\solutions\Accumulator.scala. Using presentation compiler with project's scala-library version: 3.3.5
2025.05.09 02:09:57 INFO  no build target found for E:\Academics\PhD\4.Chisel\chisel-tutorial\src\main\scala\solutions\Accumulator.scala. Using presentation compiler with project's scala-library version: 3.3.5
2025.05.09 02:09:58 INFO  no build target found for E:\Academics\PhD\4.Chisel\chisel-tutorial\src\main\scala\solutions\Accumulator.scala. Using presentation compiler with project's scala-library version: 3.3.5
2025.05.09 02:10:05 INFO  no build target found for E:\Academics\PhD\4.Chisel\chisel-tutorial\src\main\scala\solutions\Accumulator.scala. Using presentation compiler with project's scala-library version: 3.3.5
2025.05.09 02:10:06 INFO  no build target found for E:\Academics\PhD\4.Chisel\chisel-tutorial\src\main\scala\solutions\Accumulator.scala. Using presentation compiler with project's scala-library version: 3.3.5
2025.05.09 02:10:08 INFO  no build target found for E:\Academics\PhD\4.Chisel\chisel-tutorial\src\main\scala\solutions\Accumulator.scala. Using presentation compiler with project's scala-library version: 3.3.5
2025.05.09 02:10:08 INFO  no build target found for E:\Academics\PhD\4.Chisel\chisel-tutorial\src\main\scala\solutions\Accumulator.scala. Using presentation compiler with project's scala-library version: 3.3.5
2025.05.09 02:10:09 INFO  no build target found for E:\Academics\PhD\4.Chisel\chisel-tutorial\src\main\scala\solutions\Accumulator.scala. Using presentation compiler with project's scala-library version: 3.3.5
Exception in thread "pool-98-thread-1" java.lang.InterruptedException
	at scala.meta.internal.metals.FutureCancelToken.checkCanceled(FutureCancelToken.scala:29)
	at scala.meta.internal.pc.CompilerAccess.onCompilerJobQueue$$anonfun$1(CompilerAccess.scala:244)
	at scala.meta.internal.pc.CompilerJobQueue$Job.run(CompilerJobQueue.scala:153)
	at java.base/java.util.concurrent.ThreadPoolExecutor.runWorker(ThreadPoolExecutor.java:1136)
	at java.base/java.util.concurrent.ThreadPoolExecutor$Worker.run(ThreadPoolExecutor.java:635)
	at java.base/java.lang.Thread.run(Thread.java:840)
2025.05.09 02:10:09 INFO  no build target found for E:\Academics\PhD\4.Chisel\chisel-tutorial\src\main\scala\solutions\Accumulator.scala. Using presentation compiler with project's scala-library version: 3.3.5
2025.05.09 02:10:25 INFO  no build target found for E:\Academics\PhD\4.Chisel\chisel-tutorial\src\main\scala\solutions\Accumulator.scala. Using presentation compiler with project's scala-library version: 3.3.5
2025.05.09 02:10:25 INFO  no build target found for E:\Academics\PhD\4.Chisel\chisel-tutorial\src\main\scala\problems\Accumulator.scala. Using presentation compiler with project's scala-library version: 3.3.5
2025.05.09 02:10:25 WARN  no build target for: E:\Academics\PhD\4.Chisel\chisel-tutorial\src\main\scala\problems\Accumulator.scala
2025.05.09 02:10:25 INFO  no build target found for E:\Academics\PhD\4.Chisel\chisel-tutorial\src\main\scala\problems\Accumulator.scala. Using presentation compiler with project's scala-library version: 3.3.5
2025.05.09 02:10:25 INFO  no build target found for E:\Academics\PhD\4.Chisel\chisel-tutorial\src\main\scala\problems\Accumulator.scala. Using presentation compiler with project's scala-library version: 3.3.5
2025.05.09 02:10:25 INFO  no build target found for E:\Academics\PhD\4.Chisel\chisel-tutorial\src\main\scala\problems\Accumulator.scala. Using presentation compiler with project's scala-library version: 3.3.5
2025.05.09 02:10:25 INFO  no build target found for E:\Academics\PhD\4.Chisel\chisel-tutorial\src\main\scala\problems\Accumulator.scala. Using presentation compiler with project's scala-library version: 3.3.5
2025.05.09 02:10:25 INFO  no build target found for E:\Academics\PhD\4.Chisel\chisel-tutorial\src\main\scala\problems\Accumulator.scala. Using presentation compiler with project's scala-library version: 3.3.5
2025.05.09 02:10:28 INFO  no build target found for E:\Academics\PhD\4.Chisel\chisel-tutorial\src\main\scala\problems\Adder.scala. Using presentation compiler with project's scala-library version: 3.3.5
2025.05.09 02:10:28 WARN  no build target for: E:\Academics\PhD\4.Chisel\chisel-tutorial\src\main\scala\problems\Adder.scala
2025.05.09 02:10:28 INFO  no build target found for E:\Academics\PhD\4.Chisel\chisel-tutorial\src\main\scala\problems\Adder.scala. Using presentation compiler with project's scala-library version: 3.3.5
2025.05.09 02:10:28 INFO  no build target found for E:\Academics\PhD\4.Chisel\chisel-tutorial\src\main\scala\problems\Adder.scala. Using presentation compiler with project's scala-library version: 3.3.5
2025.05.09 02:10:28 INFO  no build target found for E:\Academics\PhD\4.Chisel\chisel-tutorial\src\main\scala\problems\Adder.scala. Using presentation compiler with project's scala-library version: 3.3.5
2025.05.09 02:10:29 INFO  no build target found for E:\Academics\PhD\4.Chisel\chisel-tutorial\src\main\scala\problems\Adder.scala. Using presentation compiler with project's scala-library version: 3.3.5
2025.05.09 02:10:32 WARN  no build target for: E:\Academics\PhD\4.Chisel\chisel-tutorial\src\main\scala\problems\Counter.scala
2025.05.09 02:10:32 INFO  no build target found for E:\Academics\PhD\4.Chisel\chisel-tutorial\src\main\scala\problems\Counter.scala. Using presentation compiler with project's scala-library version: 3.3.5
2025.05.09 02:10:32 INFO  no build target found for E:\Academics\PhD\4.Chisel\chisel-tutorial\src\main\scala\problems\Counter.scala. Using presentation compiler with project's scala-library version: 3.3.5
2025.05.09 02:10:32 INFO  no build target found for E:\Academics\PhD\4.Chisel\chisel-tutorial\src\main\scala\problems\Counter.scala. Using presentation compiler with project's scala-library version: 3.3.5
2025.05.09 02:10:32 INFO  no build target found for E:\Academics\PhD\4.Chisel\chisel-tutorial\src\main\scala\problems\Counter.scala. Using presentation compiler with project's scala-library version: 3.3.5
2025.05.09 02:10:32 INFO  no build target found for E:\Academics\PhD\4.Chisel\chisel-tutorial\src\main\scala\problems\Counter.scala. Using presentation compiler with project's scala-library version: 3.3.5
2025.05.09 02:10:35 INFO  no build target found for E:\Academics\PhD\4.Chisel\chisel-tutorial\src\main\scala\problems\Counter.scala. Using presentation compiler with project's scala-library version: 3.3.5
2025.05.09 02:10:35 INFO  no build target found for E:\Academics\PhD\4.Chisel\chisel-tutorial\src\main\scala\problems\Counter.scala. Using presentation compiler with project's scala-library version: 3.3.5
2025.05.09 02:10:36 INFO  no build target found for E:\Academics\PhD\4.Chisel\chisel-tutorial\src\main\scala\problems\Counter.scala. Using presentation compiler with project's scala-library version: 3.3.5
2025.05.09 02:10:37 INFO  no build target found for E:\Academics\PhD\4.Chisel\chisel-tutorial\src\main\scala\problems\Counter.scala. Using presentation compiler with project's scala-library version: 3.3.5
2025.05.09 02:10:37 INFO  no build target found for E:\Academics\PhD\4.Chisel\chisel-tutorial\src\main\scala\problems\Counter.scala. Using presentation compiler with project's scala-library version: 3.3.5
2025.05.09 02:10:37 INFO  no build target found for E:\Academics\PhD\4.Chisel\chisel-tutorial\src\main\scala\problems\Counter.scala. Using presentation compiler with project's scala-library version: 3.3.5
2025.05.09 02:10:40 INFO  no build target found for E:\Academics\PhD\4.Chisel\chisel-tutorial\src\main\scala\problems\Counter.scala. Using presentation compiler with project's scala-library version: 3.3.5
2025.05.09 02:10:40 INFO  no build target found for E:\Academics\PhD\4.Chisel\chisel-tutorial\src\main\scala\problems\Counter.scala. Using presentation compiler with project's scala-library version: 3.3.5
2025.05.09 02:10:40 INFO  no build target found for E:\Academics\PhD\4.Chisel\chisel-tutorial\src\main\scala\problems\Counter.scala. Using presentation compiler with project's scala-library version: 3.3.5
2025.05.09 02:10:42 INFO  no build target found for E:\Academics\PhD\4.Chisel\chisel-tutorial\src\main\scala\problems\Counter.scala. Using presentation compiler with project's scala-library version: 3.3.5
2025.05.09 02:10:45 INFO  no build target found for E:\Academics\PhD\4.Chisel\chisel-tutorial\src\main\scala\problems\Counter.scala. Using presentation compiler with project's scala-library version: 3.3.5
2025.05.09 02:10:45 INFO  no build target found for E:\Academics\PhD\4.Chisel\chisel-tutorial\src\main\scala\problems\Counter.scala. Using presentation compiler with project's scala-library version: 3.3.5
2025.05.09 02:10:47 INFO  no build target found for E:\Academics\PhD\4.Chisel\chisel-tutorial\src\main\scala\problems\Counter.scala. Using presentation compiler with project's scala-library version: 3.3.5
2025.05.09 02:10:47 INFO  no build target found for E:\Academics\PhD\4.Chisel\chisel-tutorial\src\main\scala\problems\Counter.scala. Using presentation compiler with project's scala-library version: 3.3.5
2025.05.09 02:10:48 INFO  no build target found for E:\Academics\PhD\4.Chisel\chisel-tutorial\src\main\scala\problems\Counter.scala. Using presentation compiler with project's scala-library version: 3.3.5
2025.05.09 02:10:48 INFO  no build target found for E:\Academics\PhD\4.Chisel\chisel-tutorial\src\main\scala\problems\Counter.scala. Using presentation compiler with project's scala-library version: 3.3.5
2025.05.09 02:10:49 INFO  no build target found for E:\Academics\PhD\4.Chisel\chisel-tutorial\src\main\scala\problems\Counter.scala. Using presentation compiler with project's scala-library version: 3.3.5
2025.05.09 02:10:49 INFO  no build target found for E:\Academics\PhD\4.Chisel\chisel-tutorial\src\main\scala\problems\Counter.scala. Using presentation compiler with project's scala-library version: 3.3.5
2025.05.09 02:10:50 INFO  no build target found for E:\Academics\PhD\4.Chisel\chisel-tutorial\src\main\scala\problems\Counter.scala. Using presentation compiler with project's scala-library version: 3.3.5
2025.05.09 02:10:50 INFO  no build target found for E:\Academics\PhD\4.Chisel\chisel-tutorial\src\main\scala\problems\Counter.scala. Using presentation compiler with project's scala-library version: 3.3.5
2025.05.09 02:10:53 INFO  no build target found for E:\Academics\PhD\4.Chisel\chisel-tutorial\src\main\scala\problems\Counter.scala. Using presentation compiler with project's scala-library version: 3.3.5
2025.05.09 02:10:53 INFO  no build target found for E:\Academics\PhD\4.Chisel\chisel-tutorial\src\main\scala\problems\Counter.scala. Using presentation compiler with project's scala-library version: 3.3.5
2025.05.09 02:10:53 INFO  no build target found for E:\Academics\PhD\4.Chisel\chisel-tutorial\src\main\scala\problems\Counter.scala. Using presentation compiler with project's scala-library version: 3.3.5
2025.05.09 02:10:53 INFO  no build target found for E:\Academics\PhD\4.Chisel\chisel-tutorial\src\main\scala\problems\Counter.scala. Using presentation compiler with project's scala-library version: 3.3.5
2025.05.09 02:10:54 INFO  no build target found for E:\Academics\PhD\4.Chisel\chisel-tutorial\src\main\scala\problems\Counter.scala. Using presentation compiler with project's scala-library version: 3.3.5
2025.05.09 02:10:54 INFO  no build target found for E:\Academics\PhD\4.Chisel\chisel-tutorial\src\main\scala\problems\Counter.scala. Using presentation compiler with project's scala-library version: 3.3.5
2025.05.09 02:10:54 INFO  no build target found for E:\Academics\PhD\4.Chisel\chisel-tutorial\src\main\scala\problems\Counter.scala. Using presentation compiler with project's scala-library version: 3.3.5
2025.05.09 02:10:54 INFO  no build target found for E:\Academics\PhD\4.Chisel\chisel-tutorial\src\main\scala\problems\Counter.scala. Using presentation compiler with project's scala-library version: 3.3.5
2025.05.09 02:10:56 INFO  no build target found for E:\Academics\PhD\4.Chisel\chisel-tutorial\src\main\scala\problems\Counter.scala. Using presentation compiler with project's scala-library version: 3.3.5
2025.05.09 02:10:56 INFO  no build target found for E:\Academics\PhD\4.Chisel\chisel-tutorial\src\main\scala\problems\Counter.scala. Using presentation compiler with project's scala-library version: 3.3.5
2025.05.09 02:10:58 INFO  no build target found for E:\Academics\PhD\4.Chisel\chisel-tutorial\src\main\scala\problems\Counter.scala. Using presentation compiler with project's scala-library version: 3.3.5
2025.05.09 02:10:58 INFO  no build target found for E:\Academics\PhD\4.Chisel\chisel-tutorial\src\main\scala\problems\Counter.scala. Using presentation compiler with project's scala-library version: 3.3.5
2025.05.09 02:10:59 INFO  no build target found for E:\Academics\PhD\4.Chisel\chisel-tutorial\src\main\scala\problems\Counter.scala. Using presentation compiler with project's scala-library version: 3.3.5
2025.05.09 02:10:59 INFO  no build target found for E:\Academics\PhD\4.Chisel\chisel-tutorial\src\main\scala\problems\Counter.scala. Using presentation compiler with project's scala-library version: 3.3.5
2025.05.09 02:10:59 INFO  no build target found for E:\Academics\PhD\4.Chisel\chisel-tutorial\src\main\scala\problems\Counter.scala. Using presentation compiler with project's scala-library version: 3.3.5
2025.05.09 02:11:00 INFO  no build target found for E:\Academics\PhD\4.Chisel\chisel-tutorial\src\main\scala\problems\Counter.scala. Using presentation compiler with project's scala-library version: 3.3.5
Exception in thread "pool-134-thread-1" java.lang.InterruptedException
	at scala.meta.internal.metals.FutureCancelToken.checkCanceled(FutureCancelToken.scala:29)
	at scala.meta.internal.pc.CompilerAccess.onCompilerJobQueue$$anonfun$1(CompilerAccess.scala:244)
	at scala.meta.internal.pc.CompilerJobQueue$Job.run(CompilerJobQueue.scala:153)
	at java.base/java.util.concurrent.ThreadPoolExecutor.runWorker(ThreadPoolExecutor.java:1136)
	at java.base/java.util.concurrent.ThreadPoolExecutor$Worker.run(ThreadPoolExecutor.java:635)
	at java.base/java.lang.Thread.run(Thread.java:840)
2025.05.09 02:11:03 INFO  no build target found for E:\Academics\PhD\4.Chisel\chisel-tutorial\src\main\scala\problems\Counter.scala. Using presentation compiler with project's scala-library version: 3.3.5
2025.05.09 02:11:05 INFO  no build target found for E:\Academics\PhD\4.Chisel\chisel-tutorial\src\main\scala\problems\Counter.scala. Using presentation compiler with project's scala-library version: 3.3.5
2025.05.09 02:11:06 INFO  no build target found for E:\Academics\PhD\4.Chisel\chisel-tutorial\src\main\scala\problems\Counter.scala. Using presentation compiler with project's scala-library version: 3.3.5
2025.05.09 02:11:10 INFO  no build target found for E:\Academics\PhD\4.Chisel\chisel-tutorial\src\main\scala\problems\Counter.scala. Using presentation compiler with project's scala-library version: 3.3.5
2025.05.09 02:11:10 INFO  no build target found for E:\Academics\PhD\4.Chisel\chisel-tutorial\src\main\scala\problems\Counter.scala. Using presentation compiler with project's scala-library version: 3.3.5
2025.05.09 02:11:27 INFO  no build target found for E:\Academics\PhD\4.Chisel\chisel-tutorial\src\main\scala\problems\Counter.scala. Using presentation compiler with project's scala-library version: 3.3.5
2025.05.09 02:11:27 WARN  no build target for: E:\Academics\PhD\4.Chisel\chisel-tutorial\src\main\scala\problems\Adder.scala
2025.05.09 02:11:27 INFO  no build target found for E:\Academics\PhD\4.Chisel\chisel-tutorial\src\main\scala\problems\Adder.scala. Using presentation compiler with project's scala-library version: 3.3.5
2025.05.09 02:11:27 INFO  no build target found for E:\Academics\PhD\4.Chisel\chisel-tutorial\src\main\scala\problems\Adder.scala. Using presentation compiler with project's scala-library version: 3.3.5
2025.05.09 02:11:28 INFO  no build target found for E:\Academics\PhD\4.Chisel\chisel-tutorial\src\main\scala\problems\Adder.scala. Using presentation compiler with project's scala-library version: 3.3.5
2025.05.09 02:11:28 WARN  no build target for: E:\Academics\PhD\4.Chisel\chisel-tutorial\src\main\scala\problems\Accumulator.scala
2025.05.09 02:11:28 INFO  no build target found for E:\Academics\PhD\4.Chisel\chisel-tutorial\src\main\scala\problems\Accumulator.scala. Using presentation compiler with project's scala-library version: 3.3.5
2025.05.09 02:11:28 INFO  no build target found for E:\Academics\PhD\4.Chisel\chisel-tutorial\src\main\scala\problems\Accumulator.scala. Using presentation compiler with project's scala-library version: 3.3.5
2025.05.09 02:11:29 INFO  no build target found for E:\Academics\PhD\4.Chisel\chisel-tutorial\src\main\scala\problems\Accumulator.scala. Using presentation compiler with project's scala-library version: 3.3.5
2025.05.09 02:11:36 INFO  no build target found for E:\Academics\PhD\4.Chisel\chisel-tutorial\src\test\scala\problems\AccumulatorTest.scala. Using presentation compiler with project's scala-library version: 3.3.5
2025.05.09 02:11:36 WARN  no build target for: E:\Academics\PhD\4.Chisel\chisel-tutorial\src\test\scala\problems\AccumulatorTest.scala
2025.05.09 02:11:36 INFO  no build target found for E:\Academics\PhD\4.Chisel\chisel-tutorial\src\test\scala\problems\AccumulatorTest.scala. Using presentation compiler with project's scala-library version: 3.3.5
2025.05.09 02:11:36 INFO  no build target found for E:\Academics\PhD\4.Chisel\chisel-tutorial\src\test\scala\problems\AccumulatorTest.scala. Using presentation compiler with project's scala-library version: 3.3.5
2025.05.09 02:11:37 INFO  no build target found for E:\Academics\PhD\4.Chisel\chisel-tutorial\src\test\scala\problems\AccumulatorTest.scala. Using presentation compiler with project's scala-library version: 3.3.5
2025.05.09 02:11:37 INFO  no build target found for E:\Academics\PhD\4.Chisel\chisel-tutorial\src\test\scala\problems\AccumulatorTest.scala. Using presentation compiler with project's scala-library version: 3.3.5
May 09, 2025 2:11:41 AM org.eclipse.lsp4j.jsonrpc.services.GenericEndpoint notify
INFO: Unsupported notification method: $/setTrace
2025.05.09 02:11:47 WARN  no build target for: E:\Academics\PhD\4.Chisel\chisel-tutorial\src\test\scala\problems\AccumulatorTest.scala
2025.05.09 02:11:47 INFO  no build target found for E:\Academics\PhD\4.Chisel\chisel-tutorial\src\test\scala\problems\AccumulatorTest.scala. Using presentation compiler with project's scala-library version: 3.3.5
2025.05.09 02:11:47 INFO  no build target found for E:\Academics\PhD\4.Chisel\chisel-tutorial\src\test\scala\problems\AccumulatorTest.scala. Using presentation compiler with project's scala-library version: 3.3.5
2025.05.09 02:11:49 INFO  no build target found for E:\Academics\PhD\4.Chisel\chisel-tutorial\src\test\scala\problems\AccumulatorTest.scala. Using presentation compiler with project's scala-library version: 3.3.5
2025.05.09 02:12:03 INFO  no build target found for E:\Academics\PhD\4.Chisel\chisel-tutorial\src\main\scala\examples\Adder.scala. Using presentation compiler with project's scala-library version: 3.3.5
2025.05.09 02:12:03 WARN  no build target for: E:\Academics\PhD\4.Chisel\chisel-tutorial\src\main\scala\examples\Adder.scala
2025.05.09 02:12:03 INFO  no build target found for E:\Academics\PhD\4.Chisel\chisel-tutorial\src\main\scala\examples\Adder.scala. Using presentation compiler with project's scala-library version: 3.3.5
2025.05.09 02:12:03 INFO  no build target found for E:\Academics\PhD\4.Chisel\chisel-tutorial\src\main\scala\examples\Adder.scala. Using presentation compiler with project's scala-library version: 3.3.5
2025.05.09 02:12:03 INFO  no build target found for E:\Academics\PhD\4.Chisel\chisel-tutorial\src\main\scala\examples\Adder.scala. Using presentation compiler with project's scala-library version: 3.3.5
2025.05.09 02:12:03 INFO  no build target found for E:\Academics\PhD\4.Chisel\chisel-tutorial\src\main\scala\examples\Adder.scala. Using presentation compiler with project's scala-library version: 3.3.5
2025.05.09 02:12:03 INFO  no build target found for E:\Academics\PhD\4.Chisel\chisel-tutorial\src\main\scala\examples\Adder.scala. Using presentation compiler with project's scala-library version: 3.3.5
2025.05.09 02:12:08 INFO  no build target found for E:\Academics\PhD\4.Chisel\chisel-tutorial\src\main\scala\examples\Adder.scala. Using presentation compiler with project's scala-library version: 3.3.5
2025.05.09 02:12:08 INFO  no build target found for E:\Academics\PhD\4.Chisel\chisel-tutorial\src\main\scala\examples\Adder4.scala. Using presentation compiler with project's scala-library version: 3.3.5
2025.05.09 02:12:08 WARN  no build target for: E:\Academics\PhD\4.Chisel\chisel-tutorial\src\main\scala\examples\Adder4.scala
2025.05.09 02:12:08 INFO  no build target found for E:\Academics\PhD\4.Chisel\chisel-tutorial\src\main\scala\examples\Adder4.scala. Using presentation compiler with project's scala-library version: 3.3.5
2025.05.09 02:12:08 INFO  no build target found for E:\Academics\PhD\4.Chisel\chisel-tutorial\src\main\scala\examples\Adder4.scala. Using presentation compiler with project's scala-library version: 3.3.5
2025.05.09 02:12:08 INFO  no build target found for E:\Academics\PhD\4.Chisel\chisel-tutorial\src\main\scala\examples\Adder4.scala. Using presentation compiler with project's scala-library version: 3.3.5
2025.05.09 02:12:11 INFO  no build target found for E:\Academics\PhD\4.Chisel\chisel-tutorial\src\main\scala\examples\Adder4.scala. Using presentation compiler with project's scala-library version: 3.3.5
2025.05.09 02:12:11 INFO  no build target found for E:\Academics\PhD\4.Chisel\chisel-tutorial\src\main\scala\examples\Combinational.scala. Using presentation compiler with project's scala-library version: 3.3.5
2025.05.09 02:12:11 WARN  no build target for: E:\Academics\PhD\4.Chisel\chisel-tutorial\src\main\scala\examples\Combinational.scala
2025.05.09 02:12:11 INFO  no build target found for E:\Academics\PhD\4.Chisel\chisel-tutorial\src\main\scala\examples\Combinational.scala. Using presentation compiler with project's scala-library version: 3.3.5
2025.05.09 02:12:11 INFO  no build target found for E:\Academics\PhD\4.Chisel\chisel-tutorial\src\main\scala\examples\Combinational.scala. Using presentation compiler with project's scala-library version: 3.3.5
2025.05.09 02:12:12 INFO  no build target found for E:\Academics\PhD\4.Chisel\chisel-tutorial\src\main\scala\examples\Combinational.scala. Using presentation compiler with project's scala-library version: 3.3.5
2025.05.09 02:12:11 INFO  no build target found for E:\Academics\PhD\4.Chisel\chisel-tutorial\src\main\scala\examples\Combinational.scala. Using presentation compiler with project's scala-library version: 3.3.5
2025.05.09 02:12:19 INFO  no build target found for E:\Academics\PhD\4.Chisel\chisel-tutorial\src\main\scala\examples\Combinational.scala. Using presentation compiler with project's scala-library version: 3.3.5
2025.05.09 02:12:19 INFO  no build target found for E:\Academics\PhD\4.Chisel\chisel-tutorial\src\main\scala\examples\Darken.scala. Using presentation compiler with project's scala-library version: 3.3.5
2025.05.09 02:12:19 WARN  no build target for: E:\Academics\PhD\4.Chisel\chisel-tutorial\src\main\scala\examples\Darken.scala
2025.05.09 02:12:19 INFO  no build target found for E:\Academics\PhD\4.Chisel\chisel-tutorial\src\main\scala\examples\Darken.scala. Using presentation compiler with project's scala-library version: 3.3.5
2025.05.09 02:12:19 INFO  no build target found for E:\Academics\PhD\4.Chisel\chisel-tutorial\src\main\scala\examples\Darken.scala. Using presentation compiler with project's scala-library version: 3.3.5
2025.05.09 02:12:19 INFO  no build target found for E:\Academics\PhD\4.Chisel\chisel-tutorial\src\main\scala\examples\Darken.scala. Using presentation compiler with project's scala-library version: 3.3.5
2025.05.09 02:12:19 INFO  no build target found for E:\Academics\PhD\4.Chisel\chisel-tutorial\src\main\scala\examples\Darken.scala. Using presentation compiler with project's scala-library version: 3.3.5
2025.05.09 02:12:24 INFO  no build target found for E:\Academics\PhD\4.Chisel\chisel-tutorial\src\main\scala\examples\EnableShiftRegister.scala. Using presentation compiler with project's scala-library version: 3.3.5
2025.05.09 02:12:24 WARN  no build target for: E:\Academics\PhD\4.Chisel\chisel-tutorial\src\main\scala\examples\EnableShiftRegister.scala
2025.05.09 02:12:24 INFO  no build target found for E:\Academics\PhD\4.Chisel\chisel-tutorial\src\main\scala\examples\EnableShiftRegister.scala. Using presentation compiler with project's scala-library version: 3.3.5
2025.05.09 02:12:24 INFO  no build target found for E:\Academics\PhD\4.Chisel\chisel-tutorial\src\main\scala\examples\EnableShiftRegister.scala. Using presentation compiler with project's scala-library version: 3.3.5
2025.05.09 02:12:24 INFO  no build target found for E:\Academics\PhD\4.Chisel\chisel-tutorial\src\main\scala\examples\EnableShiftRegister.scala. Using presentation compiler with project's scala-library version: 3.3.5
2025.05.09 02:12:24 INFO  no build target found for E:\Academics\PhD\4.Chisel\chisel-tutorial\src\main\scala\examples\EnableShiftRegister.scala. Using presentation compiler with project's scala-library version: 3.3.5
2025.05.09 02:12:26 INFO  no build target found for E:\Academics\PhD\4.Chisel\chisel-tutorial\src\main\scala\examples\EnableShiftRegister.scala. Using presentation compiler with project's scala-library version: 3.3.5
2025.05.09 02:12:41 INFO  no build target found for E:\Academics\PhD\4.Chisel\chisel-tutorial\src\main\scala\examples\EnableShiftRegister.scala. Using presentation compiler with project's scala-library version: 3.3.5
2025.05.09 02:12:41 INFO  no build target found for E:\Academics\PhD\4.Chisel\chisel-tutorial\src\main\scala\examples\EnableShiftRegister.scala. Using presentation compiler with project's scala-library version: 3.3.5
2025.05.09 02:12:47 INFO  no build target found for E:\Academics\PhD\4.Chisel\chisel-tutorial\src\main\scala\examples\EnableShiftRegister.scala. Using presentation compiler with project's scala-library version: 3.3.5
2025.05.09 02:12:47 INFO  no build target found for E:\Academics\PhD\4.Chisel\chisel-tutorial\src\main\scala\examples\FullAdder.scala. Using presentation compiler with project's scala-library version: 3.3.5
2025.05.09 02:12:47 WARN  no build target for: E:\Academics\PhD\4.Chisel\chisel-tutorial\src\main\scala\examples\FullAdder.scala
2025.05.09 02:12:47 INFO  no build target found for E:\Academics\PhD\4.Chisel\chisel-tutorial\src\main\scala\examples\FullAdder.scala. Using presentation compiler with project's scala-library version: 3.3.5
2025.05.09 02:12:47 INFO  no build target found for E:\Academics\PhD\4.Chisel\chisel-tutorial\src\main\scala\examples\FullAdder.scala. Using presentation compiler with project's scala-library version: 3.3.5
2025.05.09 02:12:47 INFO  no build target found for E:\Academics\PhD\4.Chisel\chisel-tutorial\src\main\scala\examples\FullAdder.scala. Using presentation compiler with project's scala-library version: 3.3.5
2025.05.09 02:12:48 INFO  no build target found for E:\Academics\PhD\4.Chisel\chisel-tutorial\src\main\scala\examples\FullAdder.scala. Using presentation compiler with project's scala-library version: 3.3.5
2025.05.09 02:12:47 INFO  no build target found for E:\Academics\PhD\4.Chisel\chisel-tutorial\src\main\scala\examples\FullAdder.scala. Using presentation compiler with project's scala-library version: 3.3.5
2025.05.09 02:12:50 INFO  no build target found for E:\Academics\PhD\4.Chisel\chisel-tutorial\src\main\scala\examples\FullAdder.scala. Using presentation compiler with project's scala-library version: 3.3.5
2025.05.09 02:12:50 INFO  no build target found for E:\Academics\PhD\4.Chisel\chisel-tutorial\src\main\scala\examples\Adder.scala. Using presentation compiler with project's scala-library version: 3.3.5
2025.05.09 02:12:50 WARN  no build target for: E:\Academics\PhD\4.Chisel\chisel-tutorial\src\main\scala\examples\Adder.scala
2025.05.09 02:12:50 INFO  no build target found for E:\Academics\PhD\4.Chisel\chisel-tutorial\src\main\scala\examples\Adder.scala. Using presentation compiler with project's scala-library version: 3.3.5
2025.05.09 02:12:50 INFO  no build target found for E:\Academics\PhD\4.Chisel\chisel-tutorial\src\main\scala\examples\Adder.scala. Using presentation compiler with project's scala-library version: 3.3.5
2025.05.09 02:12:50 INFO  no build target found for E:\Academics\PhD\4.Chisel\chisel-tutorial\src\main\scala\examples\Adder.scala. Using presentation compiler with project's scala-library version: 3.3.5
2025.05.09 02:12:50 INFO  no build target found for E:\Academics\PhD\4.Chisel\chisel-tutorial\src\main\scala\examples\Adder.scala. Using presentation compiler with project's scala-library version: 3.3.5
2025.05.09 02:12:50 INFO  no build target found for E:\Academics\PhD\4.Chisel\chisel-tutorial\src\main\scala\examples\Adder.scala. Using presentation compiler with project's scala-library version: 3.3.5
2025.05.09 02:12:55 INFO  no build target found for E:\Academics\PhD\4.Chisel\chisel-tutorial\src\main\scala\examples\Adder.scala. Using presentation compiler with project's scala-library version: 3.3.5
2025.05.09 02:12:55 INFO  no build target found for E:\Academics\PhD\4.Chisel\chisel-tutorial\src\main\scala\hello\Hello.scala. Using presentation compiler with project's scala-library version: 3.3.5
2025.05.09 02:12:55 WARN  no build target for: E:\Academics\PhD\4.Chisel\chisel-tutorial\src\main\scala\hello\Hello.scala
2025.05.09 02:12:55 INFO  no build target found for E:\Academics\PhD\4.Chisel\chisel-tutorial\src\main\scala\hello\Hello.scala. Using presentation compiler with project's scala-library version: 3.3.5
2025.05.09 02:12:55 INFO  no build target found for E:\Academics\PhD\4.Chisel\chisel-tutorial\src\main\scala\hello\Hello.scala. Using presentation compiler with project's scala-library version: 3.3.5
2025.05.09 02:12:55 INFO  no build target found for E:\Academics\PhD\4.Chisel\chisel-tutorial\src\main\scala\hello\Hello.scala. Using presentation compiler with project's scala-library version: 3.3.5
2025.05.09 02:12:55 INFO  no build target found for E:\Academics\PhD\4.Chisel\chisel-tutorial\src\main\scala\hello\Hello.scala. Using presentation compiler with project's scala-library version: 3.3.5
2025.05.09 02:13:24 INFO  no build target found for E:\Academics\PhD\4.Chisel\chisel-tutorial\src\main\scala\hello\Hello.scala. Using presentation compiler with project's scala-library version: 3.3.5
2025.05.09 02:13:33 INFO  no build target found for E:\Academics\PhD\4.Chisel\chisel-tutorial\src\main\scala\problems\Mux4.scala. Using presentation compiler with project's scala-library version: 3.3.5
2025.05.09 02:13:33 WARN  no build target for: E:\Academics\PhD\4.Chisel\chisel-tutorial\src\main\scala\problems\Mux4.scala
2025.05.09 02:13:33 INFO  no build target found for E:\Academics\PhD\4.Chisel\chisel-tutorial\src\main\scala\problems\Mux4.scala. Using presentation compiler with project's scala-library version: 3.3.5
2025.05.09 02:13:33 INFO  no build target found for E:\Academics\PhD\4.Chisel\chisel-tutorial\src\main\scala\problems\Mux4.scala. Using presentation compiler with project's scala-library version: 3.3.5
2025.05.09 02:13:33 INFO  no build target found for E:\Academics\PhD\4.Chisel\chisel-tutorial\src\main\scala\problems\Mux4.scala. Using presentation compiler with project's scala-library version: 3.3.5
2025.05.09 02:13:33 INFO  no build target found for E:\Academics\PhD\4.Chisel\chisel-tutorial\src\main\scala\problems\Mux4.scala. Using presentation compiler with project's scala-library version: 3.3.5
2025.05.09 02:13:51 INFO  no build target found for E:\Academics\PhD\4.Chisel\chisel-tutorial\src\main\scala\problems\Mux4.scala. Using presentation compiler with project's scala-library version: 3.3.5
2025.05.09 02:13:51 INFO  no build target found for E:\Academics\PhD\4.Chisel\chisel-tutorial\src\main\scala\problems\RealGCD.scala. Using presentation compiler with project's scala-library version: 3.3.5
2025.05.09 02:13:51 WARN  no build target for: E:\Academics\PhD\4.Chisel\chisel-tutorial\src\main\scala\problems\RealGCD.scala
2025.05.09 02:13:51 INFO  no build target found for E:\Academics\PhD\4.Chisel\chisel-tutorial\src\main\scala\problems\RealGCD.scala. Using presentation compiler with project's scala-library version: 3.3.5
2025.05.09 02:13:51 INFO  no build target found for E:\Academics\PhD\4.Chisel\chisel-tutorial\src\main\scala\problems\RealGCD.scala. Using presentation compiler with project's scala-library version: 3.3.5
2025.05.09 02:13:51 INFO  no build target found for E:\Academics\PhD\4.Chisel\chisel-tutorial\src\main\scala\problems\RealGCD.scala. Using presentation compiler with project's scala-library version: 3.3.5
2025.05.09 02:13:52 INFO  no build target found for E:\Academics\PhD\4.Chisel\chisel-tutorial\src\main\scala\problems\RealGCD.scala. Using presentation compiler with project's scala-library version: 3.3.5
2025.05.09 02:13:52 INFO  no build target found for E:\Academics\PhD\4.Chisel\chisel-tutorial\src\main\scala\problems\SingleEvenFilter.scala. Using presentation compiler with project's scala-library version: 3.3.5
2025.05.09 02:13:52 WARN  no build target for: E:\Academics\PhD\4.Chisel\chisel-tutorial\src\main\scala\problems\SingleEvenFilter.scala
2025.05.09 02:13:52 INFO  no build target found for E:\Academics\PhD\4.Chisel\chisel-tutorial\src\main\scala\problems\SingleEvenFilter.scala. Using presentation compiler with project's scala-library version: 3.3.5
2025.05.09 02:13:53 INFO  no build target found for E:\Academics\PhD\4.Chisel\chisel-tutorial\src\main\scala\problems\SingleEvenFilter.scala. Using presentation compiler with project's scala-library version: 3.3.5
2025.05.09 02:13:52 INFO  no build target found for E:\Academics\PhD\4.Chisel\chisel-tutorial\src\main\scala\problems\SingleEvenFilter.scala. Using presentation compiler with project's scala-library version: 3.3.5
2025.05.09 02:14:02 INFO  no build target found for E:\Academics\PhD\4.Chisel\chisel-tutorial\src\main\scala\problems\SingleEvenFilter.scala. Using presentation compiler with project's scala-library version: 3.3.5
2025.05.09 02:14:03 INFO  no build target found for E:\Academics\PhD\4.Chisel\chisel-tutorial\src\main\scala\problems\SingleEvenFilter.scala. Using presentation compiler with project's scala-library version: 3.3.5
2025.05.09 02:14:03 WARN  no build target for: E:\Academics\PhD\4.Chisel\chisel-tutorial\src\main\scala\hello\Hello.scala
2025.05.09 02:14:03 INFO  no build target found for E:\Academics\PhD\4.Chisel\chisel-tutorial\src\main\scala\hello\Hello.scala. Using presentation compiler with project's scala-library version: 3.3.5
2025.05.09 02:14:03 INFO  no build target found for E:\Academics\PhD\4.Chisel\chisel-tutorial\src\main\scala\hello\Hello.scala. Using presentation compiler with project's scala-library version: 3.3.5
2025.05.09 02:14:35 INFO  no build target found for E:\Academics\PhD\4.Chisel\chisel-tutorial\src\test\scala\problems\AdderTests.scala. Using presentation compiler with project's scala-library version: 3.3.5
2025.05.09 02:14:35 WARN  no build target for: E:\Academics\PhD\4.Chisel\chisel-tutorial\src\test\scala\problems\AdderTests.scala
2025.05.09 02:14:35 INFO  no build target found for E:\Academics\PhD\4.Chisel\chisel-tutorial\src\test\scala\problems\AdderTests.scala. Using presentation compiler with project's scala-library version: 3.3.5
2025.05.09 02:14:35 INFO  no build target found for E:\Academics\PhD\4.Chisel\chisel-tutorial\src\test\scala\problems\AdderTests.scala. Using presentation compiler with project's scala-library version: 3.3.5
2025.05.09 02:14:35 INFO  no build target found for E:\Academics\PhD\4.Chisel\chisel-tutorial\src\test\scala\problems\AdderTests.scala. Using presentation compiler with project's scala-library version: 3.3.5
2025.05.09 02:14:35 INFO  no build target found for E:\Academics\PhD\4.Chisel\chisel-tutorial\src\test\scala\problems\AdderTests.scala. Using presentation compiler with project's scala-library version: 3.3.5
2025.05.09 02:15:50 INFO  no build target found for E:\Academics\PhD\4.Chisel\chisel-tutorial\src\test\scala\problems\Mux4Tests.scala. Using presentation compiler with project's scala-library version: 3.3.5
2025.05.09 02:15:50 WARN  no build target for: E:\Academics\PhD\4.Chisel\chisel-tutorial\src\test\scala\problems\Mux4Tests.scala
2025.05.09 02:15:50 INFO  no build target found for E:\Academics\PhD\4.Chisel\chisel-tutorial\src\test\scala\problems\Mux4Tests.scala. Using presentation compiler with project's scala-library version: 3.3.5
2025.05.09 02:15:50 INFO  no build target found for E:\Academics\PhD\4.Chisel\chisel-tutorial\src\test\scala\problems\Mux4Tests.scala. Using presentation compiler with project's scala-library version: 3.3.5
2025.05.09 02:15:50 INFO  no build target found for E:\Academics\PhD\4.Chisel\chisel-tutorial\src\test\scala\problems\Mux4Tests.scala. Using presentation compiler with project's scala-library version: 3.3.5
2025.05.09 02:15:51 INFO  no build target found for E:\Academics\PhD\4.Chisel\chisel-tutorial\src\test\scala\problems\Mux4Tests.scala. Using presentation compiler with project's scala-library version: 3.3.5
2025.05.09 02:16:00 INFO  no build target found for E:\Academics\PhD\4.Chisel\chisel-tutorial\src\test\scala\problems\Mux4Tests.scala. Using presentation compiler with project's scala-library version: 3.3.5
2025.05.09 02:16:00 INFO  no build target found for E:\Academics\PhD\4.Chisel\chisel-tutorial\src\main\scala\problems\Mux4.scala. Using presentation compiler with project's scala-library version: 3.3.5
2025.05.09 02:16:00 WARN  no build target for: E:\Academics\PhD\4.Chisel\chisel-tutorial\src\main\scala\problems\Mux4.scala
2025.05.09 02:16:00 INFO  no build target found for E:\Academics\PhD\4.Chisel\chisel-tutorial\src\main\scala\problems\Mux4.scala. Using presentation compiler with project's scala-library version: 3.3.5
2025.05.09 02:16:00 INFO  no build target found for E:\Academics\PhD\4.Chisel\chisel-tutorial\src\main\scala\problems\Mux4.scala. Using presentation compiler with project's scala-library version: 3.3.5
2025.05.09 02:16:00 INFO  no build target found for E:\Academics\PhD\4.Chisel\chisel-tutorial\src\main\scala\problems\Mux4.scala. Using presentation compiler with project's scala-library version: 3.3.5
2025.05.09 02:16:18 INFO  no build target found for E:\Academics\PhD\4.Chisel\chisel-tutorial\src\main\scala\problems\Accumulator.scala. Using presentation compiler with project's scala-library version: 3.3.5
2025.05.09 02:16:18 WARN  no build target for: E:\Academics\PhD\4.Chisel\chisel-tutorial\src\main\scala\problems\Accumulator.scala
2025.05.09 02:16:18 INFO  no build target found for E:\Academics\PhD\4.Chisel\chisel-tutorial\src\main\scala\problems\Accumulator.scala. Using presentation compiler with project's scala-library version: 3.3.5
2025.05.09 02:16:18 INFO  no build target found for E:\Academics\PhD\4.Chisel\chisel-tutorial\src\main\scala\problems\Accumulator.scala. Using presentation compiler with project's scala-library version: 3.3.5
2025.05.09 02:16:18 INFO  no build target found for E:\Academics\PhD\4.Chisel\chisel-tutorial\src\main\scala\problems\Accumulator.scala. Using presentation compiler with project's scala-library version: 3.3.5
2025.05.09 02:16:18 INFO  no build target found for E:\Academics\PhD\4.Chisel\chisel-tutorial\src\main\scala\problems\Accumulator.scala. Using presentation compiler with project's scala-library version: 3.3.5
2025.05.09 02:17:27 INFO  no build target found for E:\Academics\PhD\4.Chisel\chisel-tutorial\src\main\scala\problems\Mux4.scala. Using presentation compiler with project's scala-library version: 3.3.5
2025.05.09 02:17:27 INFO  no build target found for E:\Academics\PhD\4.Chisel\chisel-tutorial\src\test\scala\problems\AdderTests.scala. Using presentation compiler with project's scala-library version: 3.3.5
2025.05.09 02:17:29 INFO  no build target found for E:\Academics\PhD\4.Chisel\chisel-tutorial\src\main\scala\hello\Hello.scala. Using presentation compiler with project's scala-library version: 3.3.5
2025.05.09 02:17:29 INFO  no build target found for E:\Academics\PhD\4.Chisel\chisel-tutorial\src\main\scala\examples\Darken.scala. Using presentation compiler with project's scala-library version: 3.3.5
2025.05.09 02:17:38 INFO  no build target found for E:\Academics\PhD\4.Chisel\chisel-tutorial\src\test\scala\problems\AccumulatorTest.scala. Using presentation compiler with project's scala-library version: 3.3.5
2025.05.09 02:17:38 WARN  no build target for: E:\Academics\PhD\4.Chisel\chisel-tutorial\src\test\scala\problems\AccumulatorTest.scala
2025.05.09 02:17:38 INFO  no build target found for E:\Academics\PhD\4.Chisel\chisel-tutorial\src\test\scala\problems\AccumulatorTest.scala. Using presentation compiler with project's scala-library version: 3.3.5
2025.05.09 02:17:38 INFO  no build target found for E:\Academics\PhD\4.Chisel\chisel-tutorial\src\test\scala\problems\AccumulatorTest.scala. Using presentation compiler with project's scala-library version: 3.3.5
2025.05.09 02:17:39 INFO  no build target found for E:\Academics\PhD\4.Chisel\chisel-tutorial\src\test\scala\problems\AccumulatorTest.scala. Using presentation compiler with project's scala-library version: 3.3.5
2025.05.09 02:17:39 INFO  no build target found for E:\Academics\PhD\4.Chisel\chisel-tutorial\src\test\scala\problems\AccumulatorTest.scala. Using presentation compiler with project's scala-library version: 3.3.5
2025.05.09 02:17:44 WARN  no build target for: E:\Academics\PhD\4.Chisel\chisel-tutorial\src\test\scala\problems\AccumulatorTest.scala
2025.05.09 02:17:44 INFO  no build target found for E:\Academics\PhD\4.Chisel\chisel-tutorial\src\main\scala\problems\Accumulator.scala. Using presentation compiler with project's scala-library version: 3.3.5
2025.05.09 02:17:44 INFO  no build target found for E:\Academics\PhD\4.Chisel\chisel-tutorial\src\main\scala\problems\Accumulator.scala. Using presentation compiler with project's scala-library version: 3.3.5
2025.05.09 02:17:44 INFO  no build target found for E:\Academics\PhD\4.Chisel\chisel-tutorial\src\test\scala\problems\AccumulatorTest.scala. Using presentation compiler with project's scala-library version: 3.3.5
2025.05.09 02:17:44 INFO  no build target found for E:\Academics\PhD\4.Chisel\chisel-tutorial\src\test\scala\problems\AccumulatorTest.scala. Using presentation compiler with project's scala-library version: 3.3.5
2025.05.09 02:17:44 INFO  no build target found for E:\Academics\PhD\4.Chisel\chisel-tutorial\src\main\scala\problems\Accumulator.scala. Using presentation compiler with project's scala-library version: 3.3.5
2025.05.09 02:17:58 WARN  no build target for: E:\Academics\PhD\4.Chisel\chisel-tutorial\src\main\scala\problems\Accumulator.scala
2025.05.09 02:17:58 INFO  no build target found for E:\Academics\PhD\4.Chisel\chisel-tutorial\src\main\scala\problems\Accumulator.scala. Using presentation compiler with project's scala-library version: 3.3.5
2025.05.09 02:17:58 INFO  no build target found for E:\Academics\PhD\4.Chisel\chisel-tutorial\src\test\scala\problems\AccumulatorTest.scala. Using presentation compiler with project's scala-library version: 3.3.5
2025.05.09 02:17:59 INFO  no build target found for E:\Academics\PhD\4.Chisel\chisel-tutorial\src\main\scala\problems\Accumulator.scala. Using presentation compiler with project's scala-library version: 3.3.5
2025.05.09 02:18:18 INFO  no build target found for E:\Academics\PhD\4.Chisel\chisel-tutorial\src\main\scala\problems\Accumulator.scala. Using presentation compiler with project's scala-library version: 3.3.5
2025.05.09 02:18:18 INFO  no build target found for E:\Academics\PhD\4.Chisel\chisel-tutorial\src\main\scala\problems\Accumulator.scala. Using presentation compiler with project's scala-library version: 3.3.5
2025.05.09 02:18:19 INFO  no build target found for E:\Academics\PhD\4.Chisel\chisel-tutorial\src\main\scala\problems\Accumulator.scala. Using presentation compiler with project's scala-library version: 3.3.5
2025.05.09 02:18:19 INFO  no build target found for E:\Academics\PhD\4.Chisel\chisel-tutorial\src\main\scala\problems\Accumulator.scala. Using presentation compiler with project's scala-library version: 3.3.5
2025.05.09 02:18:20 WARN  no build target for: E:\Academics\PhD\4.Chisel\chisel-tutorial\src\main\scala\problems\Accumulator.scala
2025.05.09 02:18:20 INFO  no build target found for E:\Academics\PhD\4.Chisel\chisel-tutorial\src\main\scala\problems\Accumulator.scala. Using presentation compiler with project's scala-library version: 3.3.5
2025.05.09 02:18:20 INFO  no build target found for E:\Academics\PhD\4.Chisel\chisel-tutorial\src\test\scala\problems\AccumulatorTest.scala. Using presentation compiler with project's scala-library version: 3.3.5
2025.05.09 02:18:20 INFO  no build target found for E:\Academics\PhD\4.Chisel\chisel-tutorial\src\main\scala\problems\Accumulator.scala. Using presentation compiler with project's scala-library version: 3.3.5
2025.05.09 02:18:20 INFO  no build target found for E:\Academics\PhD\4.Chisel\chisel-tutorial\src\main\scala\problems\Accumulator.scala. Using presentation compiler with project's scala-library version: 3.3.5
2025.05.09 02:18:20 INFO  no build target found for E:\Academics\PhD\4.Chisel\chisel-tutorial\src\main\scala\problems\Accumulator.scala. Using presentation compiler with project's scala-library version: 3.3.5
2025.05.09 02:18:20 INFO  no build target found for E:\Academics\PhD\4.Chisel\chisel-tutorial\src\main\scala\problems\Accumulator.scala. Using presentation compiler with project's scala-library version: 3.3.5
2025.05.09 02:18:21 INFO  no build target found for E:\Academics\PhD\4.Chisel\chisel-tutorial\src\main\scala\problems\Accumulator.scala. Using presentation compiler with project's scala-library version: 3.3.5
2025.05.09 02:18:20 INFO  no build target found for E:\Academics\PhD\4.Chisel\chisel-tutorial\src\main\scala\problems\Accumulator.scala. Using presentation compiler with project's scala-library version: 3.3.5
2025.05.09 02:18:21 INFO  no build target found for E:\Academics\PhD\4.Chisel\chisel-tutorial\src\main\scala\problems\Accumulator.scala. Using presentation compiler with project's scala-library version: 3.3.5
2025.05.09 02:18:21 INFO  no build target found for E:\Academics\PhD\4.Chisel\chisel-tutorial\src\main\scala\problems\Accumulator.scala. Using presentation compiler with project's scala-library version: 3.3.5
2025.05.09 02:18:21 INFO  no build target found for E:\Academics\PhD\4.Chisel\chisel-tutorial\src\main\scala\problems\Accumulator.scala. Using presentation compiler with project's scala-library version: 3.3.5
2025.05.09 02:18:21 INFO  no build target found for E:\Academics\PhD\4.Chisel\chisel-tutorial\src\main\scala\problems\Accumulator.scala. Using presentation compiler with project's scala-library version: 3.3.5
2025.05.09 02:18:22 INFO  no build target found for E:\Academics\PhD\4.Chisel\chisel-tutorial\src\main\scala\problems\Accumulator.scala. Using presentation compiler with project's scala-library version: 3.3.5
2025.05.09 02:18:22 WARN  no build target for: E:\Academics\PhD\4.Chisel\chisel-tutorial\src\main\scala\problems\Accumulator.scala
2025.05.09 02:18:22 INFO  no build target found for E:\Academics\PhD\4.Chisel\chisel-tutorial\src\main\scala\problems\Accumulator.scala. Using presentation compiler with project's scala-library version: 3.3.5
2025.05.09 02:18:21 INFO  no build target found for E:\Academics\PhD\4.Chisel\chisel-tutorial\src\test\scala\problems\AccumulatorTest.scala. Using presentation compiler with project's scala-library version: 3.3.5
2025.05.09 02:18:23 INFO  no build target found for E:\Academics\PhD\4.Chisel\chisel-tutorial\src\main\scala\problems\Accumulator.scala. Using presentation compiler with project's scala-library version: 3.3.5
2025.05.09 02:18:23 INFO  no build target found for E:\Academics\PhD\4.Chisel\chisel-tutorial\src\main\scala\problems\Accumulator.scala. Using presentation compiler with project's scala-library version: 3.3.5
2025.05.09 02:18:22 INFO  no build target found for E:\Academics\PhD\4.Chisel\chisel-tutorial\src\main\scala\problems\Accumulator.scala. Using presentation compiler with project's scala-library version: 3.3.5
2025.05.09 02:18:23 INFO  no build target found for E:\Academics\PhD\4.Chisel\chisel-tutorial\src\main\scala\problems\Accumulator.scala. Using presentation compiler with project's scala-library version: 3.3.5
2025.05.09 02:18:23 INFO  no build target found for E:\Academics\PhD\4.Chisel\chisel-tutorial\src\main\scala\problems\Accumulator.scala. Using presentation compiler with project's scala-library version: 3.3.5
2025.05.09 02:18:23 INFO  no build target found for E:\Academics\PhD\4.Chisel\chisel-tutorial\src\main\scala\problems\Accumulator.scala. Using presentation compiler with project's scala-library version: 3.3.5
2025.05.09 02:18:24 INFO  no build target found for E:\Academics\PhD\4.Chisel\chisel-tutorial\src\main\scala\problems\Accumulator.scala. Using presentation compiler with project's scala-library version: 3.3.5
2025.05.09 02:18:23 INFO  no build target found for E:\Academics\PhD\4.Chisel\chisel-tutorial\src\main\scala\problems\Accumulator.scala. Using presentation compiler with project's scala-library version: 3.3.5
2025.05.09 02:18:24 WARN  no build target for: E:\Academics\PhD\4.Chisel\chisel-tutorial\src\main\scala\problems\Accumulator.scala
2025.05.09 02:18:24 INFO  no build target found for E:\Academics\PhD\4.Chisel\chisel-tutorial\src\main\scala\problems\Accumulator.scala. Using presentation compiler with project's scala-library version: 3.3.5
2025.05.09 02:18:24 INFO  no build target found for E:\Academics\PhD\4.Chisel\chisel-tutorial\src\test\scala\problems\AccumulatorTest.scala. Using presentation compiler with project's scala-library version: 3.3.5
2025.05.09 02:19:15 INFO  no build target found for E:\Academics\PhD\4.Chisel\chisel-tutorial\src\main\scala\problems\Accumulator.scala. Using presentation compiler with project's scala-library version: 3.3.5
2025.05.09 02:19:15 INFO  no build target found for E:\Academics\PhD\4.Chisel\chisel-tutorial\src\main\scala\problems\Accumulator.scala. Using presentation compiler with project's scala-library version: 3.3.5
2025.05.09 02:19:15 INFO  no build target found for E:\Academics\PhD\4.Chisel\chisel-tutorial\src\main\scala\problems\Accumulator.scala. Using presentation compiler with project's scala-library version: 3.3.5
2025.05.09 02:19:15 INFO  no build target found for E:\Academics\PhD\4.Chisel\chisel-tutorial\src\main\scala\problems\Accumulator.scala. Using presentation compiler with project's scala-library version: 3.3.5
2025.05.09 02:19:15 INFO  no build target found for E:\Academics\PhD\4.Chisel\chisel-tutorial\src\main\scala\problems\Accumulator.scala. Using presentation compiler with project's scala-library version: 3.3.5
2025.05.09 02:19:15 INFO  no build target found for E:\Academics\PhD\4.Chisel\chisel-tutorial\src\main\scala\problems\Accumulator.scala. Using presentation compiler with project's scala-library version: 3.3.5
2025.05.09 02:19:15 INFO  no build target found for E:\Academics\PhD\4.Chisel\chisel-tutorial\src\main\scala\problems\Accumulator.scala. Using presentation compiler with project's scala-library version: 3.3.5
2025.05.09 02:19:15 INFO  no build target found for E:\Academics\PhD\4.Chisel\chisel-tutorial\src\main\scala\problems\Accumulator.scala. Using presentation compiler with project's scala-library version: 3.3.5
2025.05.09 02:19:15 INFO  no build target found for E:\Academics\PhD\4.Chisel\chisel-tutorial\src\main\scala\problems\Accumulator.scala. Using presentation compiler with project's scala-library version: 3.3.5
2025.05.09 02:19:15 INFO  no build target found for E:\Academics\PhD\4.Chisel\chisel-tutorial\src\main\scala\problems\Accumulator.scala. Using presentation compiler with project's scala-library version: 3.3.5
2025.05.09 02:19:15 INFO  no build target found for E:\Academics\PhD\4.Chisel\chisel-tutorial\src\main\scala\problems\Accumulator.scala. Using presentation compiler with project's scala-library version: 3.3.5
2025.05.09 02:19:15 INFO  no build target found for E:\Academics\PhD\4.Chisel\chisel-tutorial\src\main\scala\problems\Accumulator.scala. Using presentation compiler with project's scala-library version: 3.3.5
2025.05.09 02:19:15 INFO  no build target found for E:\Academics\PhD\4.Chisel\chisel-tutorial\src\main\scala\problems\Accumulator.scala. Using presentation compiler with project's scala-library version: 3.3.5
2025.05.09 02:19:15 INFO  no build target found for E:\Academics\PhD\4.Chisel\chisel-tutorial\src\main\scala\problems\Accumulator.scala. Using presentation compiler with project's scala-library version: 3.3.5
2025.05.09 02:19:16 INFO  no build target found for E:\Academics\PhD\4.Chisel\chisel-tutorial\src\main\scala\problems\Accumulator.scala. Using presentation compiler with project's scala-library version: 3.3.5
2025.05.09 02:19:16 INFO  no build target found for E:\Academics\PhD\4.Chisel\chisel-tutorial\src\main\scala\problems\Accumulator.scala. Using presentation compiler with project's scala-library version: 3.3.5
2025.05.09 02:19:16 INFO  no build target found for E:\Academics\PhD\4.Chisel\chisel-tutorial\src\main\scala\problems\Accumulator.scala. Using presentation compiler with project's scala-library version: 3.3.5
2025.05.09 02:19:16 INFO  no build target found for E:\Academics\PhD\4.Chisel\chisel-tutorial\src\main\scala\problems\Accumulator.scala. Using presentation compiler with project's scala-library version: 3.3.5
2025.05.09 02:19:16 INFO  no build target found for E:\Academics\PhD\4.Chisel\chisel-tutorial\src\main\scala\problems\Accumulator.scala. Using presentation compiler with project's scala-library version: 3.3.5
2025.05.09 02:19:17 INFO  no build target found for E:\Academics\PhD\4.Chisel\chisel-tutorial\src\main\scala\problems\Accumulator.scala. Using presentation compiler with project's scala-library version: 3.3.5
2025.05.09 02:19:17 INFO  no build target found for E:\Academics\PhD\4.Chisel\chisel-tutorial\src\main\scala\problems\Accumulator.scala. Using presentation compiler with project's scala-library version: 3.3.5
2025.05.09 02:19:17 INFO  no build target found for E:\Academics\PhD\4.Chisel\chisel-tutorial\src\main\scala\problems\Accumulator.scala. Using presentation compiler with project's scala-library version: 3.3.5
2025.05.09 02:19:17 INFO  no build target found for E:\Academics\PhD\4.Chisel\chisel-tutorial\src\main\scala\problems\Accumulator.scala. Using presentation compiler with project's scala-library version: 3.3.5
2025.05.09 02:19:17 INFO  no build target found for E:\Academics\PhD\4.Chisel\chisel-tutorial\src\main\scala\problems\Accumulator.scala. Using presentation compiler with project's scala-library version: 3.3.5
2025.05.09 02:19:17 INFO  no build target found for E:\Academics\PhD\4.Chisel\chisel-tutorial\src\main\scala\problems\Accumulator.scala. Using presentation compiler with project's scala-library version: 3.3.5
2025.05.09 02:19:17 INFO  no build target found for E:\Academics\PhD\4.Chisel\chisel-tutorial\src\main\scala\problems\Accumulator.scala. Using presentation compiler with project's scala-library version: 3.3.5
2025.05.09 02:19:17 INFO  no build target found for E:\Academics\PhD\4.Chisel\chisel-tutorial\src\main\scala\problems\Accumulator.scala. Using presentation compiler with project's scala-library version: 3.3.5
2025.05.09 02:19:17 INFO  no build target found for E:\Academics\PhD\4.Chisel\chisel-tutorial\src\main\scala\problems\Accumulator.scala. Using presentation compiler with project's scala-library version: 3.3.5
2025.05.09 02:19:17 INFO  no build target found for E:\Academics\PhD\4.Chisel\chisel-tutorial\src\main\scala\problems\Accumulator.scala. Using presentation compiler with project's scala-library version: 3.3.5
2025.05.09 02:19:18 INFO  no build target found for E:\Academics\PhD\4.Chisel\chisel-tutorial\src\main\scala\problems\Accumulator.scala. Using presentation compiler with project's scala-library version: 3.3.5
2025.05.09 02:19:18 INFO  no build target found for E:\Academics\PhD\4.Chisel\chisel-tutorial\src\main\scala\problems\Accumulator.scala. Using presentation compiler with project's scala-library version: 3.3.5
2025.05.09 02:19:18 WARN  no build target for: E:\Academics\PhD\4.Chisel\chisel-tutorial\src\main\scala\problems\Accumulator.scala
2025.05.09 02:19:18 INFO  no build target found for E:\Academics\PhD\4.Chisel\chisel-tutorial\src\main\scala\problems\Accumulator.scala. Using presentation compiler with project's scala-library version: 3.3.5
2025.05.09 02:19:18 INFO  no build target found for E:\Academics\PhD\4.Chisel\chisel-tutorial\src\test\scala\problems\AccumulatorTest.scala. Using presentation compiler with project's scala-library version: 3.3.5
2025.05.09 02:19:20 INFO  no build target found for E:\Academics\PhD\4.Chisel\chisel-tutorial\src\main\scala\problems\Accumulator.scala. Using presentation compiler with project's scala-library version: 3.3.5
2025.05.09 02:19:20 INFO  no build target found for E:\Academics\PhD\4.Chisel\chisel-tutorial\src\main\scala\problems\Accumulator.scala. Using presentation compiler with project's scala-library version: 3.3.5
2025.05.09 02:19:20 INFO  no build target found for E:\Academics\PhD\4.Chisel\chisel-tutorial\src\main\scala\problems\Accumulator.scala. Using presentation compiler with project's scala-library version: 3.3.5
2025.05.09 02:19:20 INFO  no build target found for E:\Academics\PhD\4.Chisel\chisel-tutorial\src\main\scala\problems\Accumulator.scala. Using presentation compiler with project's scala-library version: 3.3.5
2025.05.09 02:19:20 INFO  no build target found for E:\Academics\PhD\4.Chisel\chisel-tutorial\src\main\scala\problems\Accumulator.scala. Using presentation compiler with project's scala-library version: 3.3.5
2025.05.09 02:19:20 INFO  no build target found for E:\Academics\PhD\4.Chisel\chisel-tutorial\src\main\scala\problems\Accumulator.scala. Using presentation compiler with project's scala-library version: 3.3.5
2025.05.09 02:19:20 INFO  no build target found for E:\Academics\PhD\4.Chisel\chisel-tutorial\src\main\scala\problems\Accumulator.scala. Using presentation compiler with project's scala-library version: 3.3.5
2025.05.09 02:19:20 INFO  no build target found for E:\Academics\PhD\4.Chisel\chisel-tutorial\src\main\scala\problems\Accumulator.scala. Using presentation compiler with project's scala-library version: 3.3.5
2025.05.09 02:19:20 INFO  no build target found for E:\Academics\PhD\4.Chisel\chisel-tutorial\src\main\scala\problems\Accumulator.scala. Using presentation compiler with project's scala-library version: 3.3.5
2025.05.09 02:19:21 INFO  no build target found for E:\Academics\PhD\4.Chisel\chisel-tutorial\src\main\scala\problems\Accumulator.scala. Using presentation compiler with project's scala-library version: 3.3.5
2025.05.09 02:19:20 INFO  no build target found for E:\Academics\PhD\4.Chisel\chisel-tutorial\src\main\scala\problems\Accumulator.scala. Using presentation compiler with project's scala-library version: 3.3.5
2025.05.09 02:19:21 INFO  no build target found for E:\Academics\PhD\4.Chisel\chisel-tutorial\src\main\scala\problems\Accumulator.scala. Using presentation compiler with project's scala-library version: 3.3.5
2025.05.09 02:19:22 INFO  no build target found for E:\Academics\PhD\4.Chisel\chisel-tutorial\src\main\scala\problems\Accumulator.scala. Using presentation compiler with project's scala-library version: 3.3.5
2025.05.09 02:19:22 INFO  no build target found for E:\Academics\PhD\4.Chisel\chisel-tutorial\src\main\scala\problems\Accumulator.scala. Using presentation compiler with project's scala-library version: 3.3.5
2025.05.09 02:19:22 INFO  no build target found for E:\Academics\PhD\4.Chisel\chisel-tutorial\src\main\scala\problems\Accumulator.scala. Using presentation compiler with project's scala-library version: 3.3.5
2025.05.09 02:19:22 INFO  no build target found for E:\Academics\PhD\4.Chisel\chisel-tutorial\src\main\scala\problems\Accumulator.scala. Using presentation compiler with project's scala-library version: 3.3.5
2025.05.09 02:19:22 INFO  no build target found for E:\Academics\PhD\4.Chisel\chisel-tutorial\src\main\scala\problems\Accumulator.scala. Using presentation compiler with project's scala-library version: 3.3.5
2025.05.09 02:19:22 WARN  no build target for: E:\Academics\PhD\4.Chisel\chisel-tutorial\src\main\scala\problems\Accumulator.scala
2025.05.09 02:19:23 INFO  no build target found for E:\Academics\PhD\4.Chisel\chisel-tutorial\src\main\scala\problems\Accumulator.scala. Using presentation compiler with project's scala-library version: 3.3.5
2025.05.09 02:19:23 INFO  no build target found for E:\Academics\PhD\4.Chisel\chisel-tutorial\src\test\scala\problems\AccumulatorTest.scala. Using presentation compiler with project's scala-library version: 3.3.5
2025.05.09 02:19:23 INFO  no build target found for E:\Academics\PhD\4.Chisel\chisel-tutorial\src\main\scala\problems\Accumulator.scala. Using presentation compiler with project's scala-library version: 3.3.5
2025.05.09 02:19:23 INFO  no build target found for E:\Academics\PhD\4.Chisel\chisel-tutorial\src\main\scala\problems\Accumulator.scala. Using presentation compiler with project's scala-library version: 3.3.5
2025.05.09 02:19:23 INFO  no build target found for E:\Academics\PhD\4.Chisel\chisel-tutorial\src\main\scala\problems\Accumulator.scala. Using presentation compiler with project's scala-library version: 3.3.5
2025.05.09 02:19:23 INFO  no build target found for E:\Academics\PhD\4.Chisel\chisel-tutorial\src\main\scala\problems\Accumulator.scala. Using presentation compiler with project's scala-library version: 3.3.5
2025.05.09 02:19:23 INFO  no build target found for E:\Academics\PhD\4.Chisel\chisel-tutorial\src\main\scala\problems\Accumulator.scala. Using presentation compiler with project's scala-library version: 3.3.5
2025.05.09 02:19:23 INFO  no build target found for E:\Academics\PhD\4.Chisel\chisel-tutorial\src\main\scala\problems\Accumulator.scala. Using presentation compiler with project's scala-library version: 3.3.5
2025.05.09 02:19:23 INFO  no build target found for E:\Academics\PhD\4.Chisel\chisel-tutorial\src\main\scala\problems\Accumulator.scala. Using presentation compiler with project's scala-library version: 3.3.5
2025.05.09 02:19:23 INFO  no build target found for E:\Academics\PhD\4.Chisel\chisel-tutorial\src\main\scala\problems\Accumulator.scala. Using presentation compiler with project's scala-library version: 3.3.5
2025.05.09 02:19:24 INFO  no build target found for E:\Academics\PhD\4.Chisel\chisel-tutorial\src\main\scala\problems\Accumulator.scala. Using presentation compiler with project's scala-library version: 3.3.5
2025.05.09 02:19:23 INFO  no build target found for E:\Academics\PhD\4.Chisel\chisel-tutorial\src\main\scala\problems\Accumulator.scala. Using presentation compiler with project's scala-library version: 3.3.5
2025.05.09 02:19:24 INFO  no build target found for E:\Academics\PhD\4.Chisel\chisel-tutorial\src\main\scala\problems\Accumulator.scala. Using presentation compiler with project's scala-library version: 3.3.5
2025.05.09 02:19:24 INFO  no build target found for E:\Academics\PhD\4.Chisel\chisel-tutorial\src\main\scala\problems\Accumulator.scala. Using presentation compiler with project's scala-library version: 3.3.5
2025.05.09 02:19:24 INFO  no build target found for E:\Academics\PhD\4.Chisel\chisel-tutorial\src\main\scala\problems\Accumulator.scala. Using presentation compiler with project's scala-library version: 3.3.5
2025.05.09 02:19:24 INFO  no build target found for E:\Academics\PhD\4.Chisel\chisel-tutorial\src\main\scala\problems\Accumulator.scala. Using presentation compiler with project's scala-library version: 3.3.5
2025.05.09 02:19:24 INFO  no build target found for E:\Academics\PhD\4.Chisel\chisel-tutorial\src\main\scala\problems\Accumulator.scala. Using presentation compiler with project's scala-library version: 3.3.5
2025.05.09 02:19:24 INFO  no build target found for E:\Academics\PhD\4.Chisel\chisel-tutorial\src\main\scala\problems\Accumulator.scala. Using presentation compiler with project's scala-library version: 3.3.5
2025.05.09 02:19:25 INFO  no build target found for E:\Academics\PhD\4.Chisel\chisel-tutorial\src\main\scala\problems\Accumulator.scala. Using presentation compiler with project's scala-library version: 3.3.5
2025.05.09 02:19:24 INFO  no build target found for E:\Academics\PhD\4.Chisel\chisel-tutorial\src\main\scala\problems\Accumulator.scala. Using presentation compiler with project's scala-library version: 3.3.5
2025.05.09 02:19:25 INFO  no build target found for E:\Academics\PhD\4.Chisel\chisel-tutorial\src\main\scala\problems\Accumulator.scala. Using presentation compiler with project's scala-library version: 3.3.5
2025.05.09 02:19:24 INFO  no build target found for E:\Academics\PhD\4.Chisel\chisel-tutorial\src\main\scala\problems\Accumulator.scala. Using presentation compiler with project's scala-library version: 3.3.5
2025.05.09 02:19:25 INFO  no build target found for E:\Academics\PhD\4.Chisel\chisel-tutorial\src\main\scala\problems\Accumulator.scala. Using presentation compiler with project's scala-library version: 3.3.5
2025.05.09 02:19:26 WARN  no build target for: E:\Academics\PhD\4.Chisel\chisel-tutorial\src\main\scala\problems\Accumulator.scala
2025.05.09 02:19:26 INFO  no build target found for E:\Academics\PhD\4.Chisel\chisel-tutorial\src\main\scala\problems\Accumulator.scala. Using presentation compiler with project's scala-library version: 3.3.5
2025.05.09 02:19:26 INFO  no build target found for E:\Academics\PhD\4.Chisel\chisel-tutorial\src\test\scala\problems\AccumulatorTest.scala. Using presentation compiler with project's scala-library version: 3.3.5
2025.05.09 02:19:26 INFO  no build target found for E:\Academics\PhD\4.Chisel\chisel-tutorial\src\main\scala\problems\Accumulator.scala. Using presentation compiler with project's scala-library version: 3.3.5
2025.05.09 02:19:26 INFO  no build target found for E:\Academics\PhD\4.Chisel\chisel-tutorial\src\main\scala\problems\Accumulator.scala. Using presentation compiler with project's scala-library version: 3.3.5
2025.05.09 02:19:27 INFO  no build target found for E:\Academics\PhD\4.Chisel\chisel-tutorial\src\main\scala\problems\Accumulator.scala. Using presentation compiler with project's scala-library version: 3.3.5
2025.05.09 02:19:27 INFO  no build target found for E:\Academics\PhD\4.Chisel\chisel-tutorial\src\main\scala\problems\Accumulator.scala. Using presentation compiler with project's scala-library version: 3.3.5
2025.05.09 02:19:27 INFO  no build target found for E:\Academics\PhD\4.Chisel\chisel-tutorial\src\main\scala\problems\Accumulator.scala. Using presentation compiler with project's scala-library version: 3.3.5
2025.05.09 02:19:27 INFO  no build target found for E:\Academics\PhD\4.Chisel\chisel-tutorial\src\main\scala\problems\Accumulator.scala. Using presentation compiler with project's scala-library version: 3.3.5
2025.05.09 02:19:27 INFO  no build target found for E:\Academics\PhD\4.Chisel\chisel-tutorial\src\main\scala\problems\Accumulator.scala. Using presentation compiler with project's scala-library version: 3.3.5
2025.05.09 02:19:27 INFO  no build target found for E:\Academics\PhD\4.Chisel\chisel-tutorial\src\main\scala\problems\Accumulator.scala. Using presentation compiler with project's scala-library version: 3.3.5
2025.05.09 02:19:27 INFO  no build target found for E:\Academics\PhD\4.Chisel\chisel-tutorial\src\main\scala\problems\Accumulator.scala. Using presentation compiler with project's scala-library version: 3.3.5
2025.05.09 02:19:28 INFO  no build target found for E:\Academics\PhD\4.Chisel\chisel-tutorial\src\main\scala\problems\Accumulator.scala. Using presentation compiler with project's scala-library version: 3.3.5
2025.05.09 02:19:27 INFO  no build target found for E:\Academics\PhD\4.Chisel\chisel-tutorial\src\main\scala\problems\Accumulator.scala. Using presentation compiler with project's scala-library version: 3.3.5
2025.05.09 02:19:27 INFO  no build target found for E:\Academics\PhD\4.Chisel\chisel-tutorial\src\main\scala\problems\Accumulator.scala. Using presentation compiler with project's scala-library version: 3.3.5
2025.05.09 02:19:27 INFO  no build target found for E:\Academics\PhD\4.Chisel\chisel-tutorial\src\main\scala\problems\Accumulator.scala. Using presentation compiler with project's scala-library version: 3.3.5
2025.05.09 02:19:28 INFO  no build target found for E:\Academics\PhD\4.Chisel\chisel-tutorial\src\main\scala\problems\Accumulator.scala. Using presentation compiler with project's scala-library version: 3.3.5
2025.05.09 02:19:29 WARN  no build target for: E:\Academics\PhD\4.Chisel\chisel-tutorial\src\main\scala\problems\Accumulator.scala
2025.05.09 02:19:28 INFO  no build target found for E:\Academics\PhD\4.Chisel\chisel-tutorial\src\main\scala\problems\Accumulator.scala. Using presentation compiler with project's scala-library version: 3.3.5
2025.05.09 02:19:29 INFO  no build target found for E:\Academics\PhD\4.Chisel\chisel-tutorial\src\test\scala\problems\AccumulatorTest.scala. Using presentation compiler with project's scala-library version: 3.3.5
2025.05.09 02:19:31 INFO  no build target found for E:\Academics\PhD\4.Chisel\chisel-tutorial\src\main\scala\problems\Accumulator.scala. Using presentation compiler with project's scala-library version: 3.3.5
2025.05.09 02:19:31 INFO  no build target found for E:\Academics\PhD\4.Chisel\chisel-tutorial\src\main\scala\problems\Accumulator.scala. Using presentation compiler with project's scala-library version: 3.3.5
2025.05.09 02:19:31 INFO  no build target found for E:\Academics\PhD\4.Chisel\chisel-tutorial\src\main\scala\problems\Accumulator.scala. Using presentation compiler with project's scala-library version: 3.3.5
2025.05.09 02:19:31 INFO  no build target found for E:\Academics\PhD\4.Chisel\chisel-tutorial\src\main\scala\problems\Accumulator.scala. Using presentation compiler with project's scala-library version: 3.3.5
2025.05.09 02:19:32 WARN  no build target for: E:\Academics\PhD\4.Chisel\chisel-tutorial\src\main\scala\problems\Accumulator.scala
2025.05.09 02:19:31 INFO  no build target found for E:\Academics\PhD\4.Chisel\chisel-tutorial\src\main\scala\problems\Accumulator.scala. Using presentation compiler with project's scala-library version: 3.3.5
2025.05.09 02:19:32 INFO  no build target found for E:\Academics\PhD\4.Chisel\chisel-tutorial\src\test\scala\problems\AccumulatorTest.scala. Using presentation compiler with project's scala-library version: 3.3.5
2025.05.09 02:19:37 INFO  no build target found for E:\Academics\PhD\4.Chisel\chisel-tutorial\src\main\scala\problems\Accumulator.scala. Using presentation compiler with project's scala-library version: 3.3.5
2025.05.09 02:19:37 INFO  no build target found for E:\Academics\PhD\4.Chisel\chisel-tutorial\src\main\scala\problems\Accumulator.scala. Using presentation compiler with project's scala-library version: 3.3.5
2025.05.09 02:19:37 INFO  no build target found for E:\Academics\PhD\4.Chisel\chisel-tutorial\src\main\scala\problems\Accumulator.scala. Using presentation compiler with project's scala-library version: 3.3.5
2025.05.09 02:19:37 INFO  no build target found for E:\Academics\PhD\4.Chisel\chisel-tutorial\src\main\scala\problems\Accumulator.scala. Using presentation compiler with project's scala-library version: 3.3.5
2025.05.09 02:19:37 INFO  no build target found for E:\Academics\PhD\4.Chisel\chisel-tutorial\src\main\scala\problems\Accumulator.scala. Using presentation compiler with project's scala-library version: 3.3.5
2025.05.09 02:19:37 INFO  no build target found for E:\Academics\PhD\4.Chisel\chisel-tutorial\src\main\scala\problems\Accumulator.scala. Using presentation compiler with project's scala-library version: 3.3.5
2025.05.09 02:19:38 INFO  no build target found for E:\Academics\PhD\4.Chisel\chisel-tutorial\src\main\scala\problems\Accumulator.scala. Using presentation compiler with project's scala-library version: 3.3.5
2025.05.09 02:19:38 WARN  no build target for: E:\Academics\PhD\4.Chisel\chisel-tutorial\src\main\scala\problems\Accumulator.scala
2025.05.09 02:19:38 INFO  no build target found for E:\Academics\PhD\4.Chisel\chisel-tutorial\src\main\scala\problems\Accumulator.scala. Using presentation compiler with project's scala-library version: 3.3.5
2025.05.09 02:19:38 INFO  no build target found for E:\Academics\PhD\4.Chisel\chisel-tutorial\src\main\scala\problems\Accumulator.scala. Using presentation compiler with project's scala-library version: 3.3.5
2025.05.09 02:19:38 INFO  no build target found for E:\Academics\PhD\4.Chisel\chisel-tutorial\src\test\scala\problems\AccumulatorTest.scala. Using presentation compiler with project's scala-library version: 3.3.5
2025.05.09 02:19:38 INFO  no build target found for E:\Academics\PhD\4.Chisel\chisel-tutorial\src\main\scala\problems\Accumulator.scala. Using presentation compiler with project's scala-library version: 3.3.5
2025.05.09 02:19:38 INFO  no build target found for E:\Academics\PhD\4.Chisel\chisel-tutorial\src\main\scala\problems\Accumulator.scala. Using presentation compiler with project's scala-library version: 3.3.5
2025.05.09 02:19:38 INFO  no build target found for E:\Academics\PhD\4.Chisel\chisel-tutorial\src\main\scala\problems\Accumulator.scala. Using presentation compiler with project's scala-library version: 3.3.5
2025.05.09 02:19:38 INFO  no build target found for E:\Academics\PhD\4.Chisel\chisel-tutorial\src\main\scala\problems\Accumulator.scala. Using presentation compiler with project's scala-library version: 3.3.5
2025.05.09 02:19:38 INFO  no build target found for E:\Academics\PhD\4.Chisel\chisel-tutorial\src\main\scala\problems\Accumulator.scala. Using presentation compiler with project's scala-library version: 3.3.5
2025.05.09 02:19:38 INFO  no build target found for E:\Academics\PhD\4.Chisel\chisel-tutorial\src\main\scala\problems\Accumulator.scala. Using presentation compiler with project's scala-library version: 3.3.5
2025.05.09 02:19:38 INFO  no build target found for E:\Academics\PhD\4.Chisel\chisel-tutorial\src\main\scala\problems\Accumulator.scala. Using presentation compiler with project's scala-library version: 3.3.5
2025.05.09 02:19:38 INFO  no build target found for E:\Academics\PhD\4.Chisel\chisel-tutorial\src\main\scala\problems\Accumulator.scala. Using presentation compiler with project's scala-library version: 3.3.5
2025.05.09 02:19:38 INFO  no build target found for E:\Academics\PhD\4.Chisel\chisel-tutorial\src\main\scala\problems\Accumulator.scala. Using presentation compiler with project's scala-library version: 3.3.5
2025.05.09 02:19:39 INFO  no build target found for E:\Academics\PhD\4.Chisel\chisel-tutorial\src\main\scala\problems\Accumulator.scala. Using presentation compiler with project's scala-library version: 3.3.5
2025.05.09 02:19:38 INFO  no build target found for E:\Academics\PhD\4.Chisel\chisel-tutorial\src\main\scala\problems\Accumulator.scala. Using presentation compiler with project's scala-library version: 3.3.5
2025.05.09 02:19:38 INFO  no build target found for E:\Academics\PhD\4.Chisel\chisel-tutorial\src\main\scala\problems\Accumulator.scala. Using presentation compiler with project's scala-library version: 3.3.5
2025.05.09 02:19:39 INFO  no build target found for E:\Academics\PhD\4.Chisel\chisel-tutorial\src\main\scala\problems\Accumulator.scala. Using presentation compiler with project's scala-library version: 3.3.5
2025.05.09 02:19:39 INFO  no build target found for E:\Academics\PhD\4.Chisel\chisel-tutorial\src\main\scala\problems\Accumulator.scala. Using presentation compiler with project's scala-library version: 3.3.5
2025.05.09 02:19:39 INFO  no build target found for E:\Academics\PhD\4.Chisel\chisel-tutorial\src\main\scala\problems\Accumulator.scala. Using presentation compiler with project's scala-library version: 3.3.5
2025.05.09 02:19:40 WARN  no build target for: E:\Academics\PhD\4.Chisel\chisel-tutorial\src\main\scala\problems\Accumulator.scala
2025.05.09 02:19:40 INFO  no build target found for E:\Academics\PhD\4.Chisel\chisel-tutorial\src\main\scala\problems\Accumulator.scala. Using presentation compiler with project's scala-library version: 3.3.5
2025.05.09 02:19:40 INFO  no build target found for E:\Academics\PhD\4.Chisel\chisel-tutorial\src\test\scala\problems\AccumulatorTest.scala. Using presentation compiler with project's scala-library version: 3.3.5
2025.05.09 02:19:40 INFO  no build target found for E:\Academics\PhD\4.Chisel\chisel-tutorial\src\main\scala\problems\Accumulator.scala. Using presentation compiler with project's scala-library version: 3.3.5
2025.05.09 02:19:40 INFO  no build target found for E:\Academics\PhD\4.Chisel\chisel-tutorial\src\main\scala\problems\Accumulator.scala. Using presentation compiler with project's scala-library version: 3.3.5
2025.05.09 02:19:40 INFO  no build target found for E:\Academics\PhD\4.Chisel\chisel-tutorial\src\main\scala\problems\Accumulator.scala. Using presentation compiler with project's scala-library version: 3.3.5
2025.05.09 02:19:40 INFO  no build target found for E:\Academics\PhD\4.Chisel\chisel-tutorial\src\main\scala\problems\Accumulator.scala. Using presentation compiler with project's scala-library version: 3.3.5
2025.05.09 02:19:41 INFO  no build target found for E:\Academics\PhD\4.Chisel\chisel-tutorial\src\main\scala\problems\Accumulator.scala. Using presentation compiler with project's scala-library version: 3.3.5
2025.05.09 02:19:40 INFO  no build target found for E:\Academics\PhD\4.Chisel\chisel-tutorial\src\main\scala\problems\Accumulator.scala. Using presentation compiler with project's scala-library version: 3.3.5
2025.05.09 02:19:41 INFO  no build target found for E:\Academics\PhD\4.Chisel\chisel-tutorial\src\main\scala\problems\Accumulator.scala. Using presentation compiler with project's scala-library version: 3.3.5
2025.05.09 02:19:41 WARN  no build target for: E:\Academics\PhD\4.Chisel\chisel-tutorial\src\main\scala\problems\Accumulator.scala
2025.05.09 02:19:41 INFO  no build target found for E:\Academics\PhD\4.Chisel\chisel-tutorial\src\main\scala\problems\Accumulator.scala. Using presentation compiler with project's scala-library version: 3.3.5
2025.05.09 02:19:41 INFO  no build target found for E:\Academics\PhD\4.Chisel\chisel-tutorial\src\test\scala\problems\AccumulatorTest.scala. Using presentation compiler with project's scala-library version: 3.3.5
2025.05.09 02:19:42 INFO  no build target found for E:\Academics\PhD\4.Chisel\chisel-tutorial\src\main\scala\problems\Accumulator.scala. Using presentation compiler with project's scala-library version: 3.3.5
2025.05.09 02:19:47 INFO  no build target found for E:\Academics\PhD\4.Chisel\chisel-tutorial\src\main\scala\problems\Accumulator.scala. Using presentation compiler with project's scala-library version: 3.3.5
2025.05.09 02:19:47 INFO  no build target found for E:\Academics\PhD\4.Chisel\chisel-tutorial\src\main\scala\problems\Accumulator.scala. Using presentation compiler with project's scala-library version: 3.3.5
2025.05.09 02:19:47 INFO  no build target found for E:\Academics\PhD\4.Chisel\chisel-tutorial\src\main\scala\problems\Accumulator.scala. Using presentation compiler with project's scala-library version: 3.3.5
2025.05.09 02:19:47 INFO  no build target found for E:\Academics\PhD\4.Chisel\chisel-tutorial\src\main\scala\problems\Accumulator.scala. Using presentation compiler with project's scala-library version: 3.3.5
2025.05.09 02:19:47 INFO  no build target found for E:\Academics\PhD\4.Chisel\chisel-tutorial\src\main\scala\problems\Accumulator.scala. Using presentation compiler with project's scala-library version: 3.3.5
2025.05.09 02:19:47 INFO  no build target found for E:\Academics\PhD\4.Chisel\chisel-tutorial\src\main\scala\problems\Accumulator.scala. Using presentation compiler with project's scala-library version: 3.3.5
2025.05.09 02:19:47 INFO  no build target found for E:\Academics\PhD\4.Chisel\chisel-tutorial\src\main\scala\problems\Accumulator.scala. Using presentation compiler with project's scala-library version: 3.3.5
2025.05.09 02:19:48 WARN  no build target for: E:\Academics\PhD\4.Chisel\chisel-tutorial\src\main\scala\problems\Accumulator.scala
2025.05.09 02:19:48 INFO  no build target found for E:\Academics\PhD\4.Chisel\chisel-tutorial\src\main\scala\problems\Accumulator.scala. Using presentation compiler with project's scala-library version: 3.3.5
2025.05.09 02:19:48 INFO  no build target found for E:\Academics\PhD\4.Chisel\chisel-tutorial\src\test\scala\problems\AccumulatorTest.scala. Using presentation compiler with project's scala-library version: 3.3.5
2025.05.09 02:19:48 INFO  no build target found for E:\Academics\PhD\4.Chisel\chisel-tutorial\src\main\scala\problems\Accumulator.scala. Using presentation compiler with project's scala-library version: 3.3.5
2025.05.09 02:19:48 INFO  no build target found for E:\Academics\PhD\4.Chisel\chisel-tutorial\src\main\scala\problems\Accumulator.scala. Using presentation compiler with project's scala-library version: 3.3.5
2025.05.09 02:19:48 INFO  no build target found for E:\Academics\PhD\4.Chisel\chisel-tutorial\src\main\scala\problems\Accumulator.scala. Using presentation compiler with project's scala-library version: 3.3.5
2025.05.09 02:19:48 INFO  no build target found for E:\Academics\PhD\4.Chisel\chisel-tutorial\src\main\scala\problems\Accumulator.scala. Using presentation compiler with project's scala-library version: 3.3.5
2025.05.09 02:19:48 INFO  no build target found for E:\Academics\PhD\4.Chisel\chisel-tutorial\src\main\scala\problems\Accumulator.scala. Using presentation compiler with project's scala-library version: 3.3.5
2025.05.09 02:19:48 INFO  no build target found for E:\Academics\PhD\4.Chisel\chisel-tutorial\src\main\scala\problems\Accumulator.scala. Using presentation compiler with project's scala-library version: 3.3.5
2025.05.09 02:19:48 INFO  no build target found for E:\Academics\PhD\4.Chisel\chisel-tutorial\src\main\scala\problems\Accumulator.scala. Using presentation compiler with project's scala-library version: 3.3.5
2025.05.09 02:19:48 INFO  no build target found for E:\Academics\PhD\4.Chisel\chisel-tutorial\src\main\scala\problems\Accumulator.scala. Using presentation compiler with project's scala-library version: 3.3.5
2025.05.09 02:19:48 INFO  no build target found for E:\Academics\PhD\4.Chisel\chisel-tutorial\src\main\scala\problems\Accumulator.scala. Using presentation compiler with project's scala-library version: 3.3.5
2025.05.09 02:19:49 INFO  no build target found for E:\Academics\PhD\4.Chisel\chisel-tutorial\src\main\scala\problems\Accumulator.scala. Using presentation compiler with project's scala-library version: 3.3.5
2025.05.09 02:19:48 INFO  no build target found for E:\Academics\PhD\4.Chisel\chisel-tutorial\src\main\scala\problems\Accumulator.scala. Using presentation compiler with project's scala-library version: 3.3.5
2025.05.09 02:19:48 INFO  no build target found for E:\Academics\PhD\4.Chisel\chisel-tutorial\src\main\scala\problems\Accumulator.scala. Using presentation compiler with project's scala-library version: 3.3.5
2025.05.09 02:19:49 INFO  no build target found for E:\Academics\PhD\4.Chisel\chisel-tutorial\src\main\scala\problems\Accumulator.scala. Using presentation compiler with project's scala-library version: 3.3.5
2025.05.09 02:19:49 INFO  no build target found for E:\Academics\PhD\4.Chisel\chisel-tutorial\src\main\scala\problems\Accumulator.scala. Using presentation compiler with project's scala-library version: 3.3.5
2025.05.09 02:19:49 INFO  no build target found for E:\Academics\PhD\4.Chisel\chisel-tutorial\src\main\scala\problems\Accumulator.scala. Using presentation compiler with project's scala-library version: 3.3.5
2025.05.09 02:19:49 INFO  no build target found for E:\Academics\PhD\4.Chisel\chisel-tutorial\src\main\scala\problems\Accumulator.scala. Using presentation compiler with project's scala-library version: 3.3.5
2025.05.09 02:19:49 INFO  no build target found for E:\Academics\PhD\4.Chisel\chisel-tutorial\src\main\scala\problems\Accumulator.scala. Using presentation compiler with project's scala-library version: 3.3.5
2025.05.09 02:19:50 INFO  no build target found for E:\Academics\PhD\4.Chisel\chisel-tutorial\src\main\scala\problems\Accumulator.scala. Using presentation compiler with project's scala-library version: 3.3.5
2025.05.09 02:19:49 INFO  no build target found for E:\Academics\PhD\4.Chisel\chisel-tutorial\src\main\scala\problems\Accumulator.scala. Using presentation compiler with project's scala-library version: 3.3.5
2025.05.09 02:19:50 INFO  no build target found for E:\Academics\PhD\4.Chisel\chisel-tutorial\src\main\scala\problems\Accumulator.scala. Using presentation compiler with project's scala-library version: 3.3.5
2025.05.09 02:19:49 INFO  no build target found for E:\Academics\PhD\4.Chisel\chisel-tutorial\src\main\scala\problems\Accumulator.scala. Using presentation compiler with project's scala-library version: 3.3.5
2025.05.09 02:19:49 INFO  no build target found for E:\Academics\PhD\4.Chisel\chisel-tutorial\src\main\scala\problems\Accumulator.scala. Using presentation compiler with project's scala-library version: 3.3.5
2025.05.09 02:19:49 INFO  no build target found for E:\Academics\PhD\4.Chisel\chisel-tutorial\src\main\scala\problems\Accumulator.scala. Using presentation compiler with project's scala-library version: 3.3.5
2025.05.09 02:19:49 INFO  no build target found for E:\Academics\PhD\4.Chisel\chisel-tutorial\src\main\scala\problems\Accumulator.scala. Using presentation compiler with project's scala-library version: 3.3.5
2025.05.09 02:19:50 INFO  no build target found for E:\Academics\PhD\4.Chisel\chisel-tutorial\src\main\scala\problems\Accumulator.scala. Using presentation compiler with project's scala-library version: 3.3.5
2025.05.09 02:19:51 WARN  no build target for: E:\Academics\PhD\4.Chisel\chisel-tutorial\src\main\scala\problems\Accumulator.scala
2025.05.09 02:19:51 INFO  no build target found for E:\Academics\PhD\4.Chisel\chisel-tutorial\src\main\scala\problems\Accumulator.scala. Using presentation compiler with project's scala-library version: 3.3.5
2025.05.09 02:19:51 INFO  no build target found for E:\Academics\PhD\4.Chisel\chisel-tutorial\src\test\scala\problems\AccumulatorTest.scala. Using presentation compiler with project's scala-library version: 3.3.5
2025.05.09 02:19:53 INFO  no build target found for E:\Academics\PhD\4.Chisel\chisel-tutorial\src\main\scala\problems\Accumulator.scala. Using presentation compiler with project's scala-library version: 3.3.5
2025.05.09 02:19:53 INFO  no build target found for E:\Academics\PhD\4.Chisel\chisel-tutorial\src\main\scala\problems\Accumulator.scala. Using presentation compiler with project's scala-library version: 3.3.5
2025.05.09 02:19:53 INFO  no build target found for E:\Academics\PhD\4.Chisel\chisel-tutorial\src\main\scala\problems\Accumulator.scala. Using presentation compiler with project's scala-library version: 3.3.5
2025.05.09 02:19:53 INFO  no build target found for E:\Academics\PhD\4.Chisel\chisel-tutorial\src\main\scala\problems\Accumulator.scala. Using presentation compiler with project's scala-library version: 3.3.5
2025.05.09 02:19:54 WARN  no build target for: E:\Academics\PhD\4.Chisel\chisel-tutorial\src\main\scala\problems\Accumulator.scala
2025.05.09 02:19:54 INFO  no build target found for E:\Academics\PhD\4.Chisel\chisel-tutorial\src\main\scala\problems\Accumulator.scala. Using presentation compiler with project's scala-library version: 3.3.5
2025.05.09 02:19:53 INFO  no build target found for E:\Academics\PhD\4.Chisel\chisel-tutorial\src\test\scala\problems\AccumulatorTest.scala. Using presentation compiler with project's scala-library version: 3.3.5
2025.05.09 02:19:54 INFO  no build target found for E:\Academics\PhD\4.Chisel\chisel-tutorial\src\main\scala\problems\Accumulator.scala. Using presentation compiler with project's scala-library version: 3.3.5
2025.05.09 02:19:54 INFO  no build target found for E:\Academics\PhD\4.Chisel\chisel-tutorial\src\main\scala\problems\Accumulator.scala. Using presentation compiler with project's scala-library version: 3.3.5
2025.05.09 02:19:54 INFO  no build target found for E:\Academics\PhD\4.Chisel\chisel-tutorial\src\main\scala\problems\Accumulator.scala. Using presentation compiler with project's scala-library version: 3.3.5
2025.05.09 02:19:55 INFO  no build target found for E:\Academics\PhD\4.Chisel\chisel-tutorial\src\main\scala\problems\Accumulator.scala. Using presentation compiler with project's scala-library version: 3.3.5
2025.05.09 02:19:55 WARN  no build target for: E:\Academics\PhD\4.Chisel\chisel-tutorial\src\main\scala\problems\Accumulator.scala
2025.05.09 02:19:55 INFO  no build target found for E:\Academics\PhD\4.Chisel\chisel-tutorial\src\main\scala\problems\Accumulator.scala. Using presentation compiler with project's scala-library version: 3.3.5
2025.05.09 02:19:55 INFO  no build target found for E:\Academics\PhD\4.Chisel\chisel-tutorial\src\test\scala\problems\AccumulatorTest.scala. Using presentation compiler with project's scala-library version: 3.3.5
2025.05.09 02:20:00 INFO  no build target found for E:\Academics\PhD\4.Chisel\chisel-tutorial\src\main\scala\problems\Accumulator.scala. Using presentation compiler with project's scala-library version: 3.3.5
2025.05.09 02:20:00 INFO  no build target found for E:\Academics\PhD\4.Chisel\chisel-tutorial\src\main\scala\problems\Accumulator.scala. Using presentation compiler with project's scala-library version: 3.3.5
2025.05.09 02:20:00 INFO  no build target found for E:\Academics\PhD\4.Chisel\chisel-tutorial\src\main\scala\problems\Accumulator.scala. Using presentation compiler with project's scala-library version: 3.3.5
2025.05.09 02:20:00 INFO  no build target found for E:\Academics\PhD\4.Chisel\chisel-tutorial\src\main\scala\problems\Accumulator.scala. Using presentation compiler with project's scala-library version: 3.3.5
2025.05.09 02:20:00 INFO  no build target found for E:\Academics\PhD\4.Chisel\chisel-tutorial\src\main\scala\problems\Accumulator.scala. Using presentation compiler with project's scala-library version: 3.3.5
2025.05.09 02:20:00 INFO  no build target found for E:\Academics\PhD\4.Chisel\chisel-tutorial\src\main\scala\problems\Accumulator.scala. Using presentation compiler with project's scala-library version: 3.3.5
2025.05.09 02:20:00 INFO  no build target found for E:\Academics\PhD\4.Chisel\chisel-tutorial\src\main\scala\problems\Accumulator.scala. Using presentation compiler with project's scala-library version: 3.3.5
2025.05.09 02:20:01 INFO  no build target found for E:\Academics\PhD\4.Chisel\chisel-tutorial\src\main\scala\problems\Accumulator.scala. Using presentation compiler with project's scala-library version: 3.3.5
2025.05.09 02:20:01 INFO  no build target found for E:\Academics\PhD\4.Chisel\chisel-tutorial\src\main\scala\problems\Accumulator.scala. Using presentation compiler with project's scala-library version: 3.3.5
2025.05.09 02:20:01 WARN  no build target for: E:\Academics\PhD\4.Chisel\chisel-tutorial\src\main\scala\problems\Accumulator.scala
2025.05.09 02:20:01 INFO  no build target found for E:\Academics\PhD\4.Chisel\chisel-tutorial\src\main\scala\problems\Accumulator.scala. Using presentation compiler with project's scala-library version: 3.3.5
2025.05.09 02:20:01 INFO  no build target found for E:\Academics\PhD\4.Chisel\chisel-tutorial\src\test\scala\problems\AccumulatorTest.scala. Using presentation compiler with project's scala-library version: 3.3.5
2025.05.09 02:20:03 INFO  no build target found for E:\Academics\PhD\4.Chisel\chisel-tutorial\src\main\scala\problems\Accumulator.scala. Using presentation compiler with project's scala-library version: 3.3.5
2025.05.09 02:20:03 INFO  no build target found for E:\Academics\PhD\4.Chisel\chisel-tutorial\src\main\scala\problems\Accumulator.scala. Using presentation compiler with project's scala-library version: 3.3.5
2025.05.09 02:20:03 INFO  no build target found for E:\Academics\PhD\4.Chisel\chisel-tutorial\src\main\scala\problems\Accumulator.scala. Using presentation compiler with project's scala-library version: 3.3.5
2025.05.09 02:20:03 INFO  no build target found for E:\Academics\PhD\4.Chisel\chisel-tutorial\src\main\scala\problems\Accumulator.scala. Using presentation compiler with project's scala-library version: 3.3.5
2025.05.09 02:20:03 INFO  no build target found for E:\Academics\PhD\4.Chisel\chisel-tutorial\src\main\scala\problems\Accumulator.scala. Using presentation compiler with project's scala-library version: 3.3.5
2025.05.09 02:20:03 INFO  no build target found for E:\Academics\PhD\4.Chisel\chisel-tutorial\src\main\scala\problems\Accumulator.scala. Using presentation compiler with project's scala-library version: 3.3.5
2025.05.09 02:20:03 INFO  no build target found for E:\Academics\PhD\4.Chisel\chisel-tutorial\src\main\scala\problems\Accumulator.scala. Using presentation compiler with project's scala-library version: 3.3.5
2025.05.09 02:20:03 INFO  no build target found for E:\Academics\PhD\4.Chisel\chisel-tutorial\src\main\scala\problems\Accumulator.scala. Using presentation compiler with project's scala-library version: 3.3.5
2025.05.09 02:20:04 WARN  no build target for: E:\Academics\PhD\4.Chisel\chisel-tutorial\src\main\scala\problems\Accumulator.scala
2025.05.09 02:20:04 INFO  no build target found for E:\Academics\PhD\4.Chisel\chisel-tutorial\src\main\scala\problems\Accumulator.scala. Using presentation compiler with project's scala-library version: 3.3.5
2025.05.09 02:20:04 INFO  no build target found for E:\Academics\PhD\4.Chisel\chisel-tutorial\src\test\scala\problems\AccumulatorTest.scala. Using presentation compiler with project's scala-library version: 3.3.5
2025.05.09 02:20:04 INFO  no build target found for E:\Academics\PhD\4.Chisel\chisel-tutorial\src\main\scala\problems\Accumulator.scala. Using presentation compiler with project's scala-library version: 3.3.5
2025.05.09 02:20:04 INFO  no build target found for E:\Academics\PhD\4.Chisel\chisel-tutorial\src\main\scala\problems\Accumulator.scala. Using presentation compiler with project's scala-library version: 3.3.5
2025.05.09 02:20:05 INFO  no build target found for E:\Academics\PhD\4.Chisel\chisel-tutorial\src\main\scala\problems\Accumulator.scala. Using presentation compiler with project's scala-library version: 3.3.5
2025.05.09 02:20:04 INFO  no build target found for E:\Academics\PhD\4.Chisel\chisel-tutorial\src\main\scala\problems\Accumulator.scala. Using presentation compiler with project's scala-library version: 3.3.5
2025.05.09 02:20:05 INFO  no build target found for E:\Academics\PhD\4.Chisel\chisel-tutorial\src\main\scala\problems\Accumulator.scala. Using presentation compiler with project's scala-library version: 3.3.5
2025.05.09 02:20:06 WARN  no build target for: E:\Academics\PhD\4.Chisel\chisel-tutorial\src\main\scala\problems\Accumulator.scala
2025.05.09 02:20:05 INFO  no build target found for E:\Academics\PhD\4.Chisel\chisel-tutorial\src\main\scala\problems\Accumulator.scala. Using presentation compiler with project's scala-library version: 3.3.5
2025.05.09 02:20:06 INFO  no build target found for E:\Academics\PhD\4.Chisel\chisel-tutorial\src\test\scala\problems\AccumulatorTest.scala. Using presentation compiler with project's scala-library version: 3.3.5
2025.05.09 02:20:06 INFO  no build target found for E:\Academics\PhD\4.Chisel\chisel-tutorial\src\main\scala\problems\Accumulator.scala. Using presentation compiler with project's scala-library version: 3.3.5
2025.05.09 02:20:06 INFO  no build target found for E:\Academics\PhD\4.Chisel\chisel-tutorial\src\main\scala\problems\Accumulator.scala. Using presentation compiler with project's scala-library version: 3.3.5
2025.05.09 02:20:07 INFO  no build target found for E:\Academics\PhD\4.Chisel\chisel-tutorial\src\main\scala\problems\Accumulator.scala. Using presentation compiler with project's scala-library version: 3.3.5
2025.05.09 02:20:07 INFO  no build target found for E:\Academics\PhD\4.Chisel\chisel-tutorial\src\main\scala\problems\Accumulator.scala. Using presentation compiler with project's scala-library version: 3.3.5
2025.05.09 02:20:07 INFO  no build target found for E:\Academics\PhD\4.Chisel\chisel-tutorial\src\main\scala\problems\Accumulator.scala. Using presentation compiler with project's scala-library version: 3.3.5
2025.05.09 02:20:07 INFO  no build target found for E:\Academics\PhD\4.Chisel\chisel-tutorial\src\main\scala\problems\Accumulator.scala. Using presentation compiler with project's scala-library version: 3.3.5
2025.05.09 02:20:08 WARN  no build target for: E:\Academics\PhD\4.Chisel\chisel-tutorial\src\main\scala\problems\Accumulator.scala
2025.05.09 02:20:08 INFO  no build target found for E:\Academics\PhD\4.Chisel\chisel-tutorial\src\main\scala\problems\Accumulator.scala. Using presentation compiler with project's scala-library version: 3.3.5
2025.05.09 02:20:08 INFO  no build target found for E:\Academics\PhD\4.Chisel\chisel-tutorial\src\test\scala\problems\AccumulatorTest.scala. Using presentation compiler with project's scala-library version: 3.3.5
2025.05.09 02:20:08 INFO  no build target found for E:\Academics\PhD\4.Chisel\chisel-tutorial\src\main\scala\problems\Accumulator.scala. Using presentation compiler with project's scala-library version: 3.3.5
2025.05.09 02:20:08 INFO  no build target found for E:\Academics\PhD\4.Chisel\chisel-tutorial\src\main\scala\problems\Accumulator.scala. Using presentation compiler with project's scala-library version: 3.3.5
2025.05.09 02:20:09 INFO  no build target found for E:\Academics\PhD\4.Chisel\chisel-tutorial\src\main\scala\problems\Accumulator.scala. Using presentation compiler with project's scala-library version: 3.3.5
2025.05.09 02:20:09 INFO  no build target found for E:\Academics\PhD\4.Chisel\chisel-tutorial\src\main\scala\problems\Accumulator.scala. Using presentation compiler with project's scala-library version: 3.3.5
2025.05.09 02:20:09 WARN  no build target for: E:\Academics\PhD\4.Chisel\chisel-tutorial\src\main\scala\problems\Accumulator.scala
2025.05.09 02:20:10 INFO  no build target found for E:\Academics\PhD\4.Chisel\chisel-tutorial\src\main\scala\problems\Accumulator.scala. Using presentation compiler with project's scala-library version: 3.3.5
2025.05.09 02:20:09 INFO  no build target found for E:\Academics\PhD\4.Chisel\chisel-tutorial\src\test\scala\problems\AccumulatorTest.scala. Using presentation compiler with project's scala-library version: 3.3.5
2025.05.09 02:20:12 INFO  no build target found for E:\Academics\PhD\4.Chisel\chisel-tutorial\src\main\scala\problems\Accumulator.scala. Using presentation compiler with project's scala-library version: 3.3.5
2025.05.09 02:20:12 INFO  no build target found for E:\Academics\PhD\4.Chisel\chisel-tutorial\src\main\scala\problems\Accumulator.scala. Using presentation compiler with project's scala-library version: 3.3.5
2025.05.09 02:20:12 INFO  no build target found for E:\Academics\PhD\4.Chisel\chisel-tutorial\src\main\scala\problems\Accumulator.scala. Using presentation compiler with project's scala-library version: 3.3.5
2025.05.09 02:20:12 INFO  no build target found for E:\Academics\PhD\4.Chisel\chisel-tutorial\src\main\scala\problems\Accumulator.scala. Using presentation compiler with project's scala-library version: 3.3.5
2025.05.09 02:20:12 INFO  no build target found for E:\Academics\PhD\4.Chisel\chisel-tutorial\src\main\scala\problems\Accumulator.scala. Using presentation compiler with project's scala-library version: 3.3.5
2025.05.09 02:20:12 INFO  no build target found for E:\Academics\PhD\4.Chisel\chisel-tutorial\src\main\scala\problems\Accumulator.scala. Using presentation compiler with project's scala-library version: 3.3.5
2025.05.09 02:20:12 INFO  no build target found for E:\Academics\PhD\4.Chisel\chisel-tutorial\src\main\scala\problems\Accumulator.scala. Using presentation compiler with project's scala-library version: 3.3.5
2025.05.09 02:20:13 INFO  no build target found for E:\Academics\PhD\4.Chisel\chisel-tutorial\src\main\scala\problems\Accumulator.scala. Using presentation compiler with project's scala-library version: 3.3.5
2025.05.09 02:20:13 INFO  no build target found for E:\Academics\PhD\4.Chisel\chisel-tutorial\src\main\scala\problems\Accumulator.scala. Using presentation compiler with project's scala-library version: 3.3.5
2025.05.09 02:20:13 INFO  no build target found for E:\Academics\PhD\4.Chisel\chisel-tutorial\src\main\scala\problems\Accumulator.scala. Using presentation compiler with project's scala-library version: 3.3.5
2025.05.09 02:20:13 INFO  no build target found for E:\Academics\PhD\4.Chisel\chisel-tutorial\src\main\scala\problems\Accumulator.scala. Using presentation compiler with project's scala-library version: 3.3.5
2025.05.09 02:20:13 INFO  no build target found for E:\Academics\PhD\4.Chisel\chisel-tutorial\src\main\scala\problems\Accumulator.scala. Using presentation compiler with project's scala-library version: 3.3.5
2025.05.09 02:20:13 INFO  no build target found for E:\Academics\PhD\4.Chisel\chisel-tutorial\src\main\scala\problems\Accumulator.scala. Using presentation compiler with project's scala-library version: 3.3.5
2025.05.09 02:20:13 INFO  no build target found for E:\Academics\PhD\4.Chisel\chisel-tutorial\src\main\scala\problems\Accumulator.scala. Using presentation compiler with project's scala-library version: 3.3.5
2025.05.09 02:20:14 INFO  no build target found for E:\Academics\PhD\4.Chisel\chisel-tutorial\src\main\scala\problems\Accumulator.scala. Using presentation compiler with project's scala-library version: 3.3.5
2025.05.09 02:20:13 INFO  no build target found for E:\Academics\PhD\4.Chisel\chisel-tutorial\src\main\scala\problems\Accumulator.scala. Using presentation compiler with project's scala-library version: 3.3.5
2025.05.09 02:20:14 INFO  no build target found for E:\Academics\PhD\4.Chisel\chisel-tutorial\src\main\scala\problems\Accumulator.scala. Using presentation compiler with project's scala-library version: 3.3.5
2025.05.09 02:20:14 INFO  no build target found for E:\Academics\PhD\4.Chisel\chisel-tutorial\src\main\scala\problems\Accumulator.scala. Using presentation compiler with project's scala-library version: 3.3.5
2025.05.09 02:20:14 INFO  no build target found for E:\Academics\PhD\4.Chisel\chisel-tutorial\src\main\scala\problems\Accumulator.scala. Using presentation compiler with project's scala-library version: 3.3.5
2025.05.09 02:20:13 INFO  no build target found for E:\Academics\PhD\4.Chisel\chisel-tutorial\src\main\scala\problems\Accumulator.scala. Using presentation compiler with project's scala-library version: 3.3.5
2025.05.09 02:20:15 WARN  no build target for: E:\Academics\PhD\4.Chisel\chisel-tutorial\src\main\scala\problems\Accumulator.scala
2025.05.09 02:20:15 INFO  no build target found for E:\Academics\PhD\4.Chisel\chisel-tutorial\src\main\scala\problems\Accumulator.scala. Using presentation compiler with project's scala-library version: 3.3.5
2025.05.09 02:20:15 INFO  no build target found for E:\Academics\PhD\4.Chisel\chisel-tutorial\src\test\scala\problems\AccumulatorTest.scala. Using presentation compiler with project's scala-library version: 3.3.5
2025.05.09 02:20:16 INFO  no build target found for E:\Academics\PhD\4.Chisel\chisel-tutorial\src\main\scala\problems\Accumulator.scala. Using presentation compiler with project's scala-library version: 3.3.5
2025.05.09 02:20:15 INFO  no build target found for E:\Academics\PhD\4.Chisel\chisel-tutorial\src\main\scala\problems\Accumulator.scala. Using presentation compiler with project's scala-library version: 3.3.5
2025.05.09 02:20:16 INFO  no build target found for E:\Academics\PhD\4.Chisel\chisel-tutorial\src\main\scala\problems\Accumulator.scala. Using presentation compiler with project's scala-library version: 3.3.5
2025.05.09 02:20:15 INFO  no build target found for E:\Academics\PhD\4.Chisel\chisel-tutorial\src\main\scala\problems\Accumulator.scala. Using presentation compiler with project's scala-library version: 3.3.5
2025.05.09 02:20:16 INFO  no build target found for E:\Academics\PhD\4.Chisel\chisel-tutorial\src\main\scala\problems\Accumulator.scala. Using presentation compiler with project's scala-library version: 3.3.5
2025.05.09 02:20:16 INFO  no build target found for E:\Academics\PhD\4.Chisel\chisel-tutorial\src\main\scala\problems\Accumulator.scala. Using presentation compiler with project's scala-library version: 3.3.5
2025.05.09 02:20:16 INFO  no build target found for E:\Academics\PhD\4.Chisel\chisel-tutorial\src\main\scala\problems\Accumulator.scala. Using presentation compiler with project's scala-library version: 3.3.5
2025.05.09 02:20:16 INFO  no build target found for E:\Academics\PhD\4.Chisel\chisel-tutorial\src\main\scala\problems\Accumulator.scala. Using presentation compiler with project's scala-library version: 3.3.5
2025.05.09 02:20:16 INFO  no build target found for E:\Academics\PhD\4.Chisel\chisel-tutorial\src\main\scala\problems\Accumulator.scala. Using presentation compiler with project's scala-library version: 3.3.5
2025.05.09 02:20:16 INFO  no build target found for E:\Academics\PhD\4.Chisel\chisel-tutorial\src\main\scala\problems\Accumulator.scala. Using presentation compiler with project's scala-library version: 3.3.5
2025.05.09 02:20:17 INFO  no build target found for E:\Academics\PhD\4.Chisel\chisel-tutorial\src\main\scala\problems\Accumulator.scala. Using presentation compiler with project's scala-library version: 3.3.5
2025.05.09 02:20:17 INFO  no build target found for E:\Academics\PhD\4.Chisel\chisel-tutorial\src\main\scala\problems\Accumulator.scala. Using presentation compiler with project's scala-library version: 3.3.5
2025.05.09 02:20:17 INFO  no build target found for E:\Academics\PhD\4.Chisel\chisel-tutorial\src\main\scala\problems\Accumulator.scala. Using presentation compiler with project's scala-library version: 3.3.5
2025.05.09 02:20:17 INFO  no build target found for E:\Academics\PhD\4.Chisel\chisel-tutorial\src\main\scala\problems\Accumulator.scala. Using presentation compiler with project's scala-library version: 3.3.5
2025.05.09 02:20:17 INFO  no build target found for E:\Academics\PhD\4.Chisel\chisel-tutorial\src\main\scala\problems\Accumulator.scala. Using presentation compiler with project's scala-library version: 3.3.5
2025.05.09 02:20:17 INFO  no build target found for E:\Academics\PhD\4.Chisel\chisel-tutorial\src\main\scala\problems\Accumulator.scala. Using presentation compiler with project's scala-library version: 3.3.5
2025.05.09 02:20:17 INFO  no build target found for E:\Academics\PhD\4.Chisel\chisel-tutorial\src\main\scala\problems\Accumulator.scala. Using presentation compiler with project's scala-library version: 3.3.5
2025.05.09 02:20:17 INFO  no build target found for E:\Academics\PhD\4.Chisel\chisel-tutorial\src\main\scala\problems\Accumulator.scala. Using presentation compiler with project's scala-library version: 3.3.5
2025.05.09 02:20:17 INFO  no build target found for E:\Academics\PhD\4.Chisel\chisel-tutorial\src\main\scala\problems\Accumulator.scala. Using presentation compiler with project's scala-library version: 3.3.5
2025.05.09 02:20:18 INFO  no build target found for E:\Academics\PhD\4.Chisel\chisel-tutorial\src\main\scala\problems\Accumulator.scala. Using presentation compiler with project's scala-library version: 3.3.5
2025.05.09 02:20:18 INFO  no build target found for E:\Academics\PhD\4.Chisel\chisel-tutorial\src\main\scala\problems\Accumulator.scala. Using presentation compiler with project's scala-library version: 3.3.5
2025.05.09 02:20:18 INFO  no build target found for E:\Academics\PhD\4.Chisel\chisel-tutorial\src\main\scala\problems\Accumulator.scala. Using presentation compiler with project's scala-library version: 3.3.5
2025.05.09 02:20:18 INFO  no build target found for E:\Academics\PhD\4.Chisel\chisel-tutorial\src\main\scala\problems\Accumulator.scala. Using presentation compiler with project's scala-library version: 3.3.5
2025.05.09 02:20:18 INFO  no build target found for E:\Academics\PhD\4.Chisel\chisel-tutorial\src\main\scala\problems\Accumulator.scala. Using presentation compiler with project's scala-library version: 3.3.5
2025.05.09 02:20:18 INFO  no build target found for E:\Academics\PhD\4.Chisel\chisel-tutorial\src\main\scala\problems\Accumulator.scala. Using presentation compiler with project's scala-library version: 3.3.5
2025.05.09 02:20:18 INFO  no build target found for E:\Academics\PhD\4.Chisel\chisel-tutorial\src\main\scala\problems\Accumulator.scala. Using presentation compiler with project's scala-library version: 3.3.5
2025.05.09 02:20:18 INFO  no build target found for E:\Academics\PhD\4.Chisel\chisel-tutorial\src\main\scala\problems\Accumulator.scala. Using presentation compiler with project's scala-library version: 3.3.5
2025.05.09 02:20:19 INFO  no build target found for E:\Academics\PhD\4.Chisel\chisel-tutorial\src\main\scala\problems\Accumulator.scala. Using presentation compiler with project's scala-library version: 3.3.5
2025.05.09 02:20:19 WARN  no build target for: E:\Academics\PhD\4.Chisel\chisel-tutorial\src\main\scala\problems\Accumulator.scala
2025.05.09 02:20:19 INFO  no build target found for E:\Academics\PhD\4.Chisel\chisel-tutorial\src\main\scala\problems\Accumulator.scala. Using presentation compiler with project's scala-library version: 3.3.5
2025.05.09 02:20:19 INFO  no build target found for E:\Academics\PhD\4.Chisel\chisel-tutorial\src\test\scala\problems\AccumulatorTest.scala. Using presentation compiler with project's scala-library version: 3.3.5
2025.05.09 02:20:28 INFO  no build target found for E:\Academics\PhD\4.Chisel\chisel-tutorial\src\main\scala\problems\Accumulator.scala. Using presentation compiler with project's scala-library version: 3.3.5
Exception in thread "pool-373-thread-1" java.lang.InterruptedException
	at scala.meta.internal.metals.FutureCancelToken.checkCanceled(FutureCancelToken.scala:29)
	at scala.meta.internal.pc.CompilerAccess.onCompilerJobQueue$$anonfun$1(CompilerAccess.scala:244)
	at scala.meta.internal.pc.CompilerJobQueue$Job.run(CompilerJobQueue.scala:153)
	at java.base/java.util.concurrent.ThreadPoolExecutor.runWorker(ThreadPoolExecutor.java:1136)
	at java.base/java.util.concurrent.ThreadPoolExecutor$Worker.run(ThreadPoolExecutor.java:635)
	at java.base/java.lang.Thread.run(Thread.java:840)
2025.05.09 02:20:28 INFO  no build target found for E:\Academics\PhD\4.Chisel\chisel-tutorial\src\main\scala\problems\Accumulator.scala. Using presentation compiler with project's scala-library version: 3.3.5
2025.05.09 02:20:28 INFO  no build target found for E:\Academics\PhD\4.Chisel\chisel-tutorial\src\main\scala\problems\Accumulator.scala. Using presentation compiler with project's scala-library version: 3.3.5
2025.05.09 02:20:28 INFO  no build target found for E:\Academics\PhD\4.Chisel\chisel-tutorial\src\main\scala\problems\Accumulator.scala. Using presentation compiler with project's scala-library version: 3.3.5
2025.05.09 02:20:30 INFO  no build target found for E:\Academics\PhD\4.Chisel\chisel-tutorial\src\main\scala\problems\Accumulator.scala. Using presentation compiler with project's scala-library version: 3.3.5
2025.05.09 02:20:30 INFO  no build target found for E:\Academics\PhD\4.Chisel\chisel-tutorial\src\main\scala\problems\Accumulator.scala. Using presentation compiler with project's scala-library version: 3.3.5
2025.05.09 02:20:30 INFO  no build target found for E:\Academics\PhD\4.Chisel\chisel-tutorial\src\main\scala\problems\Accumulator.scala. Using presentation compiler with project's scala-library version: 3.3.5
2025.05.09 02:20:30 INFO  no build target found for E:\Academics\PhD\4.Chisel\chisel-tutorial\src\main\scala\problems\Accumulator.scala. Using presentation compiler with project's scala-library version: 3.3.5
2025.05.09 02:20:30 INFO  no build target found for E:\Academics\PhD\4.Chisel\chisel-tutorial\src\main\scala\problems\Accumulator.scala. Using presentation compiler with project's scala-library version: 3.3.5
2025.05.09 02:20:30 INFO  no build target found for E:\Academics\PhD\4.Chisel\chisel-tutorial\src\main\scala\problems\Accumulator.scala. Using presentation compiler with project's scala-library version: 3.3.5
2025.05.09 02:20:31 INFO  no build target found for E:\Academics\PhD\4.Chisel\chisel-tutorial\src\main\scala\problems\Accumulator.scala. Using presentation compiler with project's scala-library version: 3.3.5
2025.05.09 02:20:31 INFO  no build target found for E:\Academics\PhD\4.Chisel\chisel-tutorial\src\main\scala\problems\Accumulator.scala. Using presentation compiler with project's scala-library version: 3.3.5
2025.05.09 02:20:31 INFO  no build target found for E:\Academics\PhD\4.Chisel\chisel-tutorial\src\main\scala\problems\Accumulator.scala. Using presentation compiler with project's scala-library version: 3.3.5
2025.05.09 02:20:31 INFO  no build target found for E:\Academics\PhD\4.Chisel\chisel-tutorial\src\main\scala\problems\Accumulator.scala. Using presentation compiler with project's scala-library version: 3.3.5
2025.05.09 02:20:31 INFO  no build target found for E:\Academics\PhD\4.Chisel\chisel-tutorial\src\main\scala\problems\Accumulator.scala. Using presentation compiler with project's scala-library version: 3.3.5
2025.05.09 02:20:31 INFO  no build target found for E:\Academics\PhD\4.Chisel\chisel-tutorial\src\main\scala\problems\Accumulator.scala. Using presentation compiler with project's scala-library version: 3.3.5
2025.05.09 02:20:32 INFO  no build target found for E:\Academics\PhD\4.Chisel\chisel-tutorial\src\main\scala\problems\Accumulator.scala. Using presentation compiler with project's scala-library version: 3.3.5
2025.05.09 02:20:32 WARN  no build target for: E:\Academics\PhD\4.Chisel\chisel-tutorial\src\main\scala\problems\Accumulator.scala
2025.05.09 02:20:32 INFO  no build target found for E:\Academics\PhD\4.Chisel\chisel-tutorial\src\main\scala\problems\Accumulator.scala. Using presentation compiler with project's scala-library version: 3.3.5
2025.05.09 02:20:32 INFO  no build target found for E:\Academics\PhD\4.Chisel\chisel-tutorial\src\test\scala\problems\AccumulatorTest.scala. Using presentation compiler with project's scala-library version: 3.3.5
2025.05.09 02:20:36 INFO  no build target found for E:\Academics\PhD\4.Chisel\chisel-tutorial\src\main\scala\problems\Accumulator.scala. Using presentation compiler with project's scala-library version: 3.3.5
2025.05.09 02:20:36 WARN  no build target for: E:\Academics\PhD\4.Chisel\chisel-tutorial\src\main\scala\problems\Accumulator.scala
2025.05.09 02:20:36 INFO  no build target found for E:\Academics\PhD\4.Chisel\chisel-tutorial\src\main\scala\problems\Accumulator.scala. Using presentation compiler with project's scala-library version: 3.3.5
2025.05.09 02:20:36 INFO  no build target found for E:\Academics\PhD\4.Chisel\chisel-tutorial\src\test\scala\problems\AccumulatorTest.scala. Using presentation compiler with project's scala-library version: 3.3.5
2025.05.09 02:20:36 INFO  no build target found for E:\Academics\PhD\4.Chisel\chisel-tutorial\src\main\scala\problems\Accumulator.scala. Using presentation compiler with project's scala-library version: 3.3.5
2025.05.09 02:20:36 WARN  no build target for: E:\Academics\PhD\4.Chisel\chisel-tutorial\src\main\scala\problems\Accumulator.scala
2025.05.09 02:20:36 INFO  no build target found for E:\Academics\PhD\4.Chisel\chisel-tutorial\src\main\scala\problems\Accumulator.scala. Using presentation compiler with project's scala-library version: 3.3.5
2025.05.09 02:20:36 INFO  no build target found for E:\Academics\PhD\4.Chisel\chisel-tutorial\src\test\scala\problems\AccumulatorTest.scala. Using presentation compiler with project's scala-library version: 3.3.5
2025.05.09 02:20:36 INFO  no build target found for E:\Academics\PhD\4.Chisel\chisel-tutorial\src\main\scala\problems\Accumulator.scala. Using presentation compiler with project's scala-library version: 3.3.5
2025.05.09 02:20:36 WARN  no build target for: E:\Academics\PhD\4.Chisel\chisel-tutorial\src\main\scala\problems\Accumulator.scala
2025.05.09 02:20:37 INFO  no build target found for E:\Academics\PhD\4.Chisel\chisel-tutorial\src\main\scala\problems\Accumulator.scala. Using presentation compiler with project's scala-library version: 3.3.5
2025.05.09 02:20:36 INFO  no build target found for E:\Academics\PhD\4.Chisel\chisel-tutorial\src\test\scala\problems\AccumulatorTest.scala. Using presentation compiler with project's scala-library version: 3.3.5
2025.05.09 02:20:36 WARN  no build target for: E:\Academics\PhD\4.Chisel\chisel-tutorial\src\main\scala\problems\Accumulator.scala
2025.05.09 02:20:36 INFO  no build target found for E:\Academics\PhD\4.Chisel\chisel-tutorial\src\main\scala\problems\Accumulator.scala. Using presentation compiler with project's scala-library version: 3.3.5
2025.05.09 02:20:36 INFO  no build target found for E:\Academics\PhD\4.Chisel\chisel-tutorial\src\main\scala\problems\Accumulator.scala. Using presentation compiler with project's scala-library version: 3.3.5
2025.05.09 02:20:36 INFO  no build target found for E:\Academics\PhD\4.Chisel\chisel-tutorial\src\test\scala\problems\AccumulatorTest.scala. Using presentation compiler with project's scala-library version: 3.3.5
2025.05.09 02:20:36 INFO  no build target found for E:\Academics\PhD\4.Chisel\chisel-tutorial\src\main\scala\problems\Accumulator.scala. Using presentation compiler with project's scala-library version: 3.3.5
2025.05.09 02:20:36 WARN  no build target for: E:\Academics\PhD\4.Chisel\chisel-tutorial\src\main\scala\problems\Accumulator.scala
2025.05.09 02:20:36 INFO  no build target found for E:\Academics\PhD\4.Chisel\chisel-tutorial\src\main\scala\problems\Accumulator.scala. Using presentation compiler with project's scala-library version: 3.3.5
2025.05.09 02:20:36 INFO  no build target found for E:\Academics\PhD\4.Chisel\chisel-tutorial\src\test\scala\problems\AccumulatorTest.scala. Using presentation compiler with project's scala-library version: 3.3.5
2025.05.09 02:20:59 INFO  no build target found for E:\Academics\PhD\4.Chisel\chisel-tutorial\src\main\scala\problems\Accumulator.scala. Using presentation compiler with project's scala-library version: 3.3.5
2025.05.09 02:20:59 INFO  no build target found for E:\Academics\PhD\4.Chisel\chisel-tutorial\src\main\scala\problems\Accumulator.scala. Using presentation compiler with project's scala-library version: 3.3.5
2025.05.09 02:20:59 INFO  no build target found for E:\Academics\PhD\4.Chisel\chisel-tutorial\src\main\scala\problems\Accumulator.scala. Using presentation compiler with project's scala-library version: 3.3.5
2025.05.09 02:20:59 INFO  no build target found for E:\Academics\PhD\4.Chisel\chisel-tutorial\src\main\scala\problems\Accumulator.scala. Using presentation compiler with project's scala-library version: 3.3.5
2025.05.09 02:20:59 INFO  no build target found for E:\Academics\PhD\4.Chisel\chisel-tutorial\src\main\scala\problems\Accumulator.scala. Using presentation compiler with project's scala-library version: 3.3.5
2025.05.09 02:21:00 INFO  no build target found for E:\Academics\PhD\4.Chisel\chisel-tutorial\src\main\scala\problems\Accumulator.scala. Using presentation compiler with project's scala-library version: 3.3.5
2025.05.09 02:20:59 INFO  no build target found for E:\Academics\PhD\4.Chisel\chisel-tutorial\src\main\scala\problems\Accumulator.scala. Using presentation compiler with project's scala-library version: 3.3.5
2025.05.09 02:21:00 INFO  no build target found for E:\Academics\PhD\4.Chisel\chisel-tutorial\src\main\scala\problems\Accumulator.scala. Using presentation compiler with project's scala-library version: 3.3.5
2025.05.09 02:21:00 INFO  no build target found for E:\Academics\PhD\4.Chisel\chisel-tutorial\src\main\scala\problems\Accumulator.scala. Using presentation compiler with project's scala-library version: 3.3.5
2025.05.09 02:21:00 INFO  no build target found for E:\Academics\PhD\4.Chisel\chisel-tutorial\src\main\scala\problems\Accumulator.scala. Using presentation compiler with project's scala-library version: 3.3.5
2025.05.09 02:21:00 INFO  no build target found for E:\Academics\PhD\4.Chisel\chisel-tutorial\src\main\scala\problems\Accumulator.scala. Using presentation compiler with project's scala-library version: 3.3.5
2025.05.09 02:21:00 INFO  no build target found for E:\Academics\PhD\4.Chisel\chisel-tutorial\src\main\scala\problems\Accumulator.scala. Using presentation compiler with project's scala-library version: 3.3.5
2025.05.09 02:21:01 WARN  no build target for: E:\Academics\PhD\4.Chisel\chisel-tutorial\src\main\scala\problems\Accumulator.scala
2025.05.09 02:21:01 INFO  no build target found for E:\Academics\PhD\4.Chisel\chisel-tutorial\src\main\scala\problems\Accumulator.scala. Using presentation compiler with project's scala-library version: 3.3.5
2025.05.09 02:21:01 INFO  no build target found for E:\Academics\PhD\4.Chisel\chisel-tutorial\src\test\scala\problems\AccumulatorTest.scala. Using presentation compiler with project's scala-library version: 3.3.5
2025.05.09 02:21:02 INFO  no build target found for E:\Academics\PhD\4.Chisel\chisel-tutorial\src\main\scala\problems\Accumulator.scala. Using presentation compiler with project's scala-library version: 3.3.5
2025.05.09 02:21:01 WARN  no build target for: E:\Academics\PhD\4.Chisel\chisel-tutorial\src\main\scala\problems\Accumulator.scala
2025.05.09 02:21:02 INFO  no build target found for E:\Academics\PhD\4.Chisel\chisel-tutorial\src\main\scala\problems\Accumulator.scala. Using presentation compiler with project's scala-library version: 3.3.5
2025.05.09 02:21:02 INFO  no build target found for E:\Academics\PhD\4.Chisel\chisel-tutorial\src\test\scala\problems\AccumulatorTest.scala. Using presentation compiler with project's scala-library version: 3.3.5
2025.05.09 02:21:01 WARN  no build target for: E:\Academics\PhD\4.Chisel\chisel-tutorial\src\main\scala\problems\Accumulator.scala
2025.05.09 02:21:02 INFO  no build target found for E:\Academics\PhD\4.Chisel\chisel-tutorial\src\main\scala\problems\Accumulator.scala. Using presentation compiler with project's scala-library version: 3.3.5
2025.05.09 02:21:01 INFO  no build target found for E:\Academics\PhD\4.Chisel\chisel-tutorial\src\test\scala\problems\AccumulatorTest.scala. Using presentation compiler with project's scala-library version: 3.3.5
2025.05.09 02:21:02 WARN  no build target for: E:\Academics\PhD\4.Chisel\chisel-tutorial\src\main\scala\problems\Accumulator.scala
2025.05.09 02:21:02 INFO  no build target found for E:\Academics\PhD\4.Chisel\chisel-tutorial\src\main\scala\problems\Accumulator.scala. Using presentation compiler with project's scala-library version: 3.3.5
2025.05.09 02:21:02 INFO  no build target found for E:\Academics\PhD\4.Chisel\chisel-tutorial\src\test\scala\problems\AccumulatorTest.scala. Using presentation compiler with project's scala-library version: 3.3.5
2025.05.09 02:21:26 INFO  no build target found for E:\Academics\PhD\4.Chisel\chisel-tutorial\src\main\scala\problems\Accumulator.scala. Using presentation compiler with project's scala-library version: 3.3.5
2025.05.09 02:21:28 INFO  no build target found for E:\Academics\PhD\4.Chisel\chisel-tutorial\src\main\scala\problems\Accumulator.scala. Using presentation compiler with project's scala-library version: 3.3.5
2025.05.09 02:21:28 INFO  no build target found for E:\Academics\PhD\4.Chisel\chisel-tutorial\src\main\scala\problems\Accumulator.scala. Using presentation compiler with project's scala-library version: 3.3.5
2025.05.09 02:21:28 INFO  no build target found for E:\Academics\PhD\4.Chisel\chisel-tutorial\src\main\scala\problems\Accumulator.scala. Using presentation compiler with project's scala-library version: 3.3.5
2025.05.09 02:21:28 INFO  no build target found for E:\Academics\PhD\4.Chisel\chisel-tutorial\src\main\scala\problems\Accumulator.scala. Using presentation compiler with project's scala-library version: 3.3.5
2025.05.09 02:21:29 INFO  no build target found for E:\Academics\PhD\4.Chisel\chisel-tutorial\src\main\scala\problems\Accumulator.scala. Using presentation compiler with project's scala-library version: 3.3.5
2025.05.09 02:21:29 INFO  no build target found for E:\Academics\PhD\4.Chisel\chisel-tutorial\src\main\scala\problems\Accumulator.scala. Using presentation compiler with project's scala-library version: 3.3.5
2025.05.09 02:21:31 INFO  no build target found for E:\Academics\PhD\4.Chisel\chisel-tutorial\src\main\scala\problems\Accumulator.scala. Using presentation compiler with project's scala-library version: 3.3.5
2025.05.09 02:21:35 INFO  no build target found for E:\Academics\PhD\4.Chisel\chisel-tutorial\src\main\scala\problems\Accumulator.scala. Using presentation compiler with project's scala-library version: 3.3.5
2025.05.09 02:21:38 INFO  no build target found for E:\Academics\PhD\4.Chisel\chisel-tutorial\src\main\scala\problems\Accumulator.scala. Using presentation compiler with project's scala-library version: 3.3.5
2025.05.09 02:22:04 INFO  no build target found for E:\Academics\PhD\4.Chisel\chisel-tutorial\src\main\scala\solutions\Accumulator.scala. Using presentation compiler with project's scala-library version: 3.3.5
2025.05.09 02:22:04 WARN  no build target for: E:\Academics\PhD\4.Chisel\chisel-tutorial\src\main\scala\solutions\Accumulator.scala
2025.05.09 02:22:04 INFO  no build target found for E:\Academics\PhD\4.Chisel\chisel-tutorial\src\main\scala\solutions\Accumulator.scala. Using presentation compiler with project's scala-library version: 3.3.5
2025.05.09 02:22:04 INFO  no build target found for E:\Academics\PhD\4.Chisel\chisel-tutorial\src\main\scala\solutions\Accumulator.scala. Using presentation compiler with project's scala-library version: 3.3.5
2025.05.09 02:22:04 INFO  no build target found for E:\Academics\PhD\4.Chisel\chisel-tutorial\src\test\scala\problems\AccumulatorTest.scala. Using presentation compiler with project's scala-library version: 3.3.5
2025.05.09 02:22:04 INFO  no build target found for E:\Academics\PhD\4.Chisel\chisel-tutorial\src\main\scala\solutions\Accumulator.scala. Using presentation compiler with project's scala-library version: 3.3.5
2025.05.09 02:22:05 INFO  no build target found for E:\Academics\PhD\4.Chisel\chisel-tutorial\src\main\scala\solutions\Accumulator.scala. Using presentation compiler with project's scala-library version: 3.3.5
2025.05.09 02:22:04 INFO  no build target found for E:\Academics\PhD\4.Chisel\chisel-tutorial\src\main\scala\solutions\Accumulator.scala. Using presentation compiler with project's scala-library version: 3.3.5
2025.05.09 02:22:07 INFO  no build target found for E:\Academics\PhD\4.Chisel\chisel-tutorial\src\main\scala\solutions\Accumulator.scala. Using presentation compiler with project's scala-library version: 3.3.5
2025.05.09 02:22:07 INFO  no build target found for E:\Academics\PhD\4.Chisel\chisel-tutorial\src\main\scala\problems\Accumulator.scala. Using presentation compiler with project's scala-library version: 3.3.5
2025.05.09 02:22:07 INFO  no build target found for E:\Academics\PhD\4.Chisel\chisel-tutorial\src\main\scala\solutions\Accumulator.scala. Using presentation compiler with project's scala-library version: 3.3.5
2025.05.09 02:22:07 INFO  no build target found for E:\Academics\PhD\4.Chisel\chisel-tutorial\src\main\scala\problems\Accumulator.scala. Using presentation compiler with project's scala-library version: 3.3.5
2025.05.09 02:22:07 INFO  no build target found for E:\Academics\PhD\4.Chisel\chisel-tutorial\src\main\scala\solutions\Accumulator.scala. Using presentation compiler with project's scala-library version: 3.3.5
2025.05.09 02:22:07 INFO  no build target found for E:\Academics\PhD\4.Chisel\chisel-tutorial\src\main\scala\problems\Accumulator.scala. Using presentation compiler with project's scala-library version: 3.3.5
2025.05.09 02:22:17 INFO  no build target found for E:\Academics\PhD\4.Chisel\chisel-tutorial\src\main\scala\solutions\Accumulator.scala. Using presentation compiler with project's scala-library version: 3.3.5
2025.05.09 02:22:17 INFO  no build target found for E:\Academics\PhD\4.Chisel\chisel-tutorial\src\main\scala\solutions\Accumulator.scala. Using presentation compiler with project's scala-library version: 3.3.5
2025.05.09 02:22:18 INFO  no build target found for E:\Academics\PhD\4.Chisel\chisel-tutorial\src\main\scala\solutions\Accumulator.scala. Using presentation compiler with project's scala-library version: 3.3.5
2025.05.09 02:22:18 INFO  no build target found for E:\Academics\PhD\4.Chisel\chisel-tutorial\src\main\scala\solutions\Accumulator.scala. Using presentation compiler with project's scala-library version: 3.3.5
2025.05.09 02:22:19 INFO  no build target found for E:\Academics\PhD\4.Chisel\chisel-tutorial\src\main\scala\solutions\Accumulator.scala. Using presentation compiler with project's scala-library version: 3.3.5
2025.05.09 02:22:19 INFO  no build target found for E:\Academics\PhD\4.Chisel\chisel-tutorial\src\main\scala\solutions\Accumulator.scala. Using presentation compiler with project's scala-library version: 3.3.5
2025.05.09 02:22:19 INFO  no build target found for E:\Academics\PhD\4.Chisel\chisel-tutorial\src\main\scala\solutions\Accumulator.scala. Using presentation compiler with project's scala-library version: 3.3.5
2025.05.09 02:22:20 INFO  no build target found for E:\Academics\PhD\4.Chisel\chisel-tutorial\src\main\scala\solutions\Accumulator.scala. Using presentation compiler with project's scala-library version: 3.3.5
2025.05.09 02:22:20 INFO  no build target found for E:\Academics\PhD\4.Chisel\chisel-tutorial\src\main\scala\solutions\Accumulator.scala. Using presentation compiler with project's scala-library version: 3.3.5
2025.05.09 02:22:20 INFO  no build target found for E:\Academics\PhD\4.Chisel\chisel-tutorial\src\main\scala\solutions\Accumulator.scala. Using presentation compiler with project's scala-library version: 3.3.5
2025.05.09 02:22:22 INFO  no build target found for E:\Academics\PhD\4.Chisel\chisel-tutorial\src\main\scala\solutions\Accumulator.scala. Using presentation compiler with project's scala-library version: 3.3.5
2025.05.09 02:22:22 INFO  no build target found for E:\Academics\PhD\4.Chisel\chisel-tutorial\src\main\scala\solutions\Accumulator.scala. Using presentation compiler with project's scala-library version: 3.3.5
2025.05.09 02:22:22 INFO  no build target found for E:\Academics\PhD\4.Chisel\chisel-tutorial\src\main\scala\solutions\Accumulator.scala. Using presentation compiler with project's scala-library version: 3.3.5
2025.05.09 02:22:23 INFO  no build target found for E:\Academics\PhD\4.Chisel\chisel-tutorial\src\main\scala\solutions\Accumulator.scala. Using presentation compiler with project's scala-library version: 3.3.5
2025.05.09 02:22:23 INFO  no build target found for E:\Academics\PhD\4.Chisel\chisel-tutorial\src\main\scala\solutions\Accumulator.scala. Using presentation compiler with project's scala-library version: 3.3.5
2025.05.09 02:22:23 INFO  no build target found for E:\Academics\PhD\4.Chisel\chisel-tutorial\src\main\scala\solutions\Accumulator.scala. Using presentation compiler with project's scala-library version: 3.3.5
2025.05.09 02:22:23 INFO  no build target found for E:\Academics\PhD\4.Chisel\chisel-tutorial\src\main\scala\solutions\Accumulator.scala. Using presentation compiler with project's scala-library version: 3.3.5
2025.05.09 02:22:23 INFO  no build target found for E:\Academics\PhD\4.Chisel\chisel-tutorial\src\main\scala\solutions\Accumulator.scala. Using presentation compiler with project's scala-library version: 3.3.5
2025.05.09 02:22:28 INFO  no build target found for E:\Academics\PhD\4.Chisel\chisel-tutorial\src\test\scala\solutions\AccumulatorTests.scala. Using presentation compiler with project's scala-library version: 3.3.5
2025.05.09 02:22:28 WARN  no build target for: E:\Academics\PhD\4.Chisel\chisel-tutorial\src\test\scala\solutions\AccumulatorTests.scala
2025.05.09 02:22:28 INFO  no build target found for E:\Academics\PhD\4.Chisel\chisel-tutorial\src\test\scala\solutions\AccumulatorTests.scala. Using presentation compiler with project's scala-library version: 3.3.5
2025.05.09 02:22:28 INFO  no build target found for E:\Academics\PhD\4.Chisel\chisel-tutorial\src\test\scala\solutions\AccumulatorTests.scala. Using presentation compiler with project's scala-library version: 3.3.5
2025.05.09 02:22:28 INFO  no build target found for E:\Academics\PhD\4.Chisel\chisel-tutorial\src\main\scala\problems\Accumulator.scala. Using presentation compiler with project's scala-library version: 3.3.5
2025.05.09 02:22:28 INFO  no build target found for E:\Academics\PhD\4.Chisel\chisel-tutorial\src\test\scala\solutions\AccumulatorTests.scala. Using presentation compiler with project's scala-library version: 3.3.5
2025.05.09 02:22:28 INFO  no build target found for E:\Academics\PhD\4.Chisel\chisel-tutorial\src\test\scala\solutions\AccumulatorTests.scala. Using presentation compiler with project's scala-library version: 3.3.5
2025.05.09 02:22:28 INFO  no build target found for E:\Academics\PhD\4.Chisel\chisel-tutorial\src\test\scala\solutions\AccumulatorTests.scala. Using presentation compiler with project's scala-library version: 3.3.5
2025.05.09 02:22:37 INFO  no build target found for E:\Academics\PhD\4.Chisel\chisel-tutorial\src\main\scala\solutions\Accumulator.scala. Using presentation compiler with project's scala-library version: 3.3.5
2025.05.09 02:22:39 INFO  no build target found for E:\Academics\PhD\4.Chisel\chisel-tutorial\src\test\scala\solutions\AccumulatorTests.scala. Using presentation compiler with project's scala-library version: 3.3.5
2025.05.09 02:22:39 WARN  no build target for: E:\Academics\PhD\4.Chisel\chisel-tutorial\src\test\scala\problems\AccumulatorTest.scala
2025.05.09 02:22:39 INFO  no build target found for E:\Academics\PhD\4.Chisel\chisel-tutorial\src\test\scala\problems\AccumulatorTest.scala. Using presentation compiler with project's scala-library version: 3.3.5
2025.05.09 02:22:39 INFO  no build target found for E:\Academics\PhD\4.Chisel\chisel-tutorial\src\main\scala\problems\Accumulator.scala. Using presentation compiler with project's scala-library version: 3.3.5
2025.05.09 02:22:39 INFO  no build target found for E:\Academics\PhD\4.Chisel\chisel-tutorial\src\test\scala\problems\AccumulatorTest.scala. Using presentation compiler with project's scala-library version: 3.3.5
2025.05.09 02:22:39 WARN  no build target for: E:\Academics\PhD\4.Chisel\chisel-tutorial\src\main\scala\problems\Accumulator.scala
2025.05.09 02:22:40 INFO  no build target found for E:\Academics\PhD\4.Chisel\chisel-tutorial\src\test\scala\problems\AccumulatorTest.scala. Using presentation compiler with project's scala-library version: 3.3.5
2025.05.09 02:22:40 INFO  no build target found for E:\Academics\PhD\4.Chisel\chisel-tutorial\src\main\scala\problems\Accumulator.scala. Using presentation compiler with project's scala-library version: 3.3.5
2025.05.09 02:22:41 INFO  no build target found for E:\Academics\PhD\4.Chisel\chisel-tutorial\src\main\scala\problems\Accumulator.scala. Using presentation compiler with project's scala-library version: 3.3.5
2025.05.09 02:22:42 WARN  no build target for: E:\Academics\PhD\4.Chisel\chisel-tutorial\src\main\scala\problems\Accumulator.scala
2025.05.09 02:22:42 INFO  no build target found for E:\Academics\PhD\4.Chisel\chisel-tutorial\src\main\scala\problems\Accumulator.scala. Using presentation compiler with project's scala-library version: 3.3.5
2025.05.09 02:22:42 WARN  no build target for: E:\Academics\PhD\4.Chisel\chisel-tutorial\src\main\scala\problems\Accumulator.scala
2025.05.09 02:22:42 INFO  no build target found for E:\Academics\PhD\4.Chisel\chisel-tutorial\src\main\scala\problems\Accumulator.scala. Using presentation compiler with project's scala-library version: 3.3.5
2025.05.09 02:22:43 WARN  no build target for: E:\Academics\PhD\4.Chisel\chisel-tutorial\src\main\scala\problems\Accumulator.scala
2025.05.09 02:22:42 INFO  no build target found for E:\Academics\PhD\4.Chisel\chisel-tutorial\src\main\scala\problems\Accumulator.scala. Using presentation compiler with project's scala-library version: 3.3.5
2025.05.09 02:22:47 INFO  no build target found for E:\Academics\PhD\4.Chisel\chisel-tutorial\src\main\scala\problems\Accumulator.scala. Using presentation compiler with project's scala-library version: 3.3.5
2025.05.09 02:22:47 INFO  no build target found for E:\Academics\PhD\4.Chisel\chisel-tutorial\src\main\scala\problems\Accumulator.scala. Using presentation compiler with project's scala-library version: 3.3.5
2025.05.09 02:22:49 INFO  no build target found for E:\Academics\PhD\4.Chisel\chisel-tutorial\src\main\scala\problems\Accumulator.scala. Using presentation compiler with project's scala-library version: 3.3.5
2025.05.09 02:22:50 INFO  no build target found for E:\Academics\PhD\4.Chisel\chisel-tutorial\src\main\scala\problems\Accumulator.scala. Using presentation compiler with project's scala-library version: 3.3.5
2025.05.09 02:22:50 INFO  no build target found for E:\Academics\PhD\4.Chisel\chisel-tutorial\src\main\scala\problems\Accumulator.scala. Using presentation compiler with project's scala-library version: 3.3.5
2025.05.09 02:22:50 INFO  no build target found for E:\Academics\PhD\4.Chisel\chisel-tutorial\src\main\scala\problems\Accumulator.scala. Using presentation compiler with project's scala-library version: 3.3.5
2025.05.09 02:22:50 INFO  no build target found for E:\Academics\PhD\4.Chisel\chisel-tutorial\src\main\scala\problems\Accumulator.scala. Using presentation compiler with project's scala-library version: 3.3.5
2025.05.09 02:22:52 INFO  no build target found for E:\Academics\PhD\4.Chisel\chisel-tutorial\src\main\scala\problems\Accumulator.scala. Using presentation compiler with project's scala-library version: 3.3.5
2025.05.09 02:22:52 INFO  no build target found for E:\Academics\PhD\4.Chisel\chisel-tutorial\src\main\scala\problems\Accumulator.scala. Using presentation compiler with project's scala-library version: 3.3.5
2025.05.09 02:22:52 INFO  no build target found for E:\Academics\PhD\4.Chisel\chisel-tutorial\src\main\scala\problems\Accumulator.scala. Using presentation compiler with project's scala-library version: 3.3.5
2025.05.09 02:22:52 INFO  no build target found for E:\Academics\PhD\4.Chisel\chisel-tutorial\src\main\scala\problems\Accumulator.scala. Using presentation compiler with project's scala-library version: 3.3.5
2025.05.09 02:22:52 INFO  no build target found for E:\Academics\PhD\4.Chisel\chisel-tutorial\src\main\scala\problems\Accumulator.scala. Using presentation compiler with project's scala-library version: 3.3.5
2025.05.09 02:22:52 INFO  no build target found for E:\Academics\PhD\4.Chisel\chisel-tutorial\src\main\scala\problems\Accumulator.scala. Using presentation compiler with project's scala-library version: 3.3.5
2025.05.09 02:22:52 INFO  no build target found for E:\Academics\PhD\4.Chisel\chisel-tutorial\src\main\scala\problems\Accumulator.scala. Using presentation compiler with project's scala-library version: 3.3.5
2025.05.09 02:22:52 INFO  no build target found for E:\Academics\PhD\4.Chisel\chisel-tutorial\src\main\scala\problems\Accumulator.scala. Using presentation compiler with project's scala-library version: 3.3.5
2025.05.09 02:22:52 INFO  no build target found for E:\Academics\PhD\4.Chisel\chisel-tutorial\src\main\scala\problems\Accumulator.scala. Using presentation compiler with project's scala-library version: 3.3.5
2025.05.09 02:22:52 INFO  no build target found for E:\Academics\PhD\4.Chisel\chisel-tutorial\src\main\scala\problems\Accumulator.scala. Using presentation compiler with project's scala-library version: 3.3.5
2025.05.09 02:22:52 INFO  no build target found for E:\Academics\PhD\4.Chisel\chisel-tutorial\src\main\scala\problems\Accumulator.scala. Using presentation compiler with project's scala-library version: 3.3.5
2025.05.09 02:22:52 INFO  no build target found for E:\Academics\PhD\4.Chisel\chisel-tutorial\src\main\scala\problems\Accumulator.scala. Using presentation compiler with project's scala-library version: 3.3.5
2025.05.09 02:22:52 INFO  no build target found for E:\Academics\PhD\4.Chisel\chisel-tutorial\src\main\scala\problems\Accumulator.scala. Using presentation compiler with project's scala-library version: 3.3.5
2025.05.09 02:22:52 INFO  no build target found for E:\Academics\PhD\4.Chisel\chisel-tutorial\src\main\scala\problems\Accumulator.scala. Using presentation compiler with project's scala-library version: 3.3.5
2025.05.09 02:22:53 INFO  no build target found for E:\Academics\PhD\4.Chisel\chisel-tutorial\src\main\scala\problems\Accumulator.scala. Using presentation compiler with project's scala-library version: 3.3.5
2025.05.09 02:22:53 INFO  no build target found for E:\Academics\PhD\4.Chisel\chisel-tutorial\src\main\scala\problems\Accumulator.scala. Using presentation compiler with project's scala-library version: 3.3.5
2025.05.09 02:22:53 INFO  no build target found for E:\Academics\PhD\4.Chisel\chisel-tutorial\src\main\scala\problems\Accumulator.scala. Using presentation compiler with project's scala-library version: 3.3.5
2025.05.09 02:22:52 INFO  no build target found for E:\Academics\PhD\4.Chisel\chisel-tutorial\src\main\scala\problems\Accumulator.scala. Using presentation compiler with project's scala-library version: 3.3.5
2025.05.09 02:22:53 INFO  no build target found for E:\Academics\PhD\4.Chisel\chisel-tutorial\src\main\scala\problems\Accumulator.scala. Using presentation compiler with project's scala-library version: 3.3.5
2025.05.09 02:22:53 INFO  no build target found for E:\Academics\PhD\4.Chisel\chisel-tutorial\src\main\scala\problems\Accumulator.scala. Using presentation compiler with project's scala-library version: 3.3.5
2025.05.09 02:22:54 INFO  no build target found for E:\Academics\PhD\4.Chisel\chisel-tutorial\src\main\scala\problems\Accumulator.scala. Using presentation compiler with project's scala-library version: 3.3.5
2025.05.09 02:22:54 INFO  no build target found for E:\Academics\PhD\4.Chisel\chisel-tutorial\src\main\scala\problems\Accumulator.scala. Using presentation compiler with project's scala-library version: 3.3.5
2025.05.09 02:22:54 INFO  no build target found for E:\Academics\PhD\4.Chisel\chisel-tutorial\src\main\scala\problems\Accumulator.scala. Using presentation compiler with project's scala-library version: 3.3.5
2025.05.09 02:22:54 INFO  no build target found for E:\Academics\PhD\4.Chisel\chisel-tutorial\src\main\scala\problems\Accumulator.scala. Using presentation compiler with project's scala-library version: 3.3.5
2025.05.09 02:22:54 INFO  no build target found for E:\Academics\PhD\4.Chisel\chisel-tutorial\src\main\scala\problems\Accumulator.scala. Using presentation compiler with project's scala-library version: 3.3.5
2025.05.09 02:22:54 INFO  no build target found for E:\Academics\PhD\4.Chisel\chisel-tutorial\src\main\scala\problems\Accumulator.scala. Using presentation compiler with project's scala-library version: 3.3.5
2025.05.09 02:22:54 INFO  no build target found for E:\Academics\PhD\4.Chisel\chisel-tutorial\src\main\scala\problems\Accumulator.scala. Using presentation compiler with project's scala-library version: 3.3.5
2025.05.09 02:22:55 WARN  no build target for: E:\Academics\PhD\4.Chisel\chisel-tutorial\src\main\scala\problems\Accumulator.scala
2025.05.09 02:22:55 INFO  no build target found for E:\Academics\PhD\4.Chisel\chisel-tutorial\src\main\scala\problems\Accumulator.scala. Using presentation compiler with project's scala-library version: 3.3.5
2025.05.09 02:22:56 INFO  no build target found for E:\Academics\PhD\4.Chisel\chisel-tutorial\src\main\scala\problems\Accumulator.scala. Using presentation compiler with project's scala-library version: 3.3.5
2025.05.09 02:22:56 INFO  no build target found for E:\Academics\PhD\4.Chisel\chisel-tutorial\src\main\scala\problems\Accumulator.scala. Using presentation compiler with project's scala-library version: 3.3.5
2025.05.09 02:22:56 INFO  no build target found for E:\Academics\PhD\4.Chisel\chisel-tutorial\src\main\scala\problems\Accumulator.scala. Using presentation compiler with project's scala-library version: 3.3.5
2025.05.09 02:22:56 INFO  no build target found for E:\Academics\PhD\4.Chisel\chisel-tutorial\src\main\scala\problems\Accumulator.scala. Using presentation compiler with project's scala-library version: 3.3.5
2025.05.09 02:22:56 INFO  no build target found for E:\Academics\PhD\4.Chisel\chisel-tutorial\src\main\scala\problems\Accumulator.scala. Using presentation compiler with project's scala-library version: 3.3.5
2025.05.09 02:22:56 INFO  no build target found for E:\Academics\PhD\4.Chisel\chisel-tutorial\src\main\scala\problems\Accumulator.scala. Using presentation compiler with project's scala-library version: 3.3.5
2025.05.09 02:22:55 INFO  no build target found for E:\Academics\PhD\4.Chisel\chisel-tutorial\src\main\scala\problems\Accumulator.scala. Using presentation compiler with project's scala-library version: 3.3.5
2025.05.09 02:22:56 INFO  no build target found for E:\Academics\PhD\4.Chisel\chisel-tutorial\src\main\scala\problems\Accumulator.scala. Using presentation compiler with project's scala-library version: 3.3.5
2025.05.09 02:22:56 INFO  no build target found for E:\Academics\PhD\4.Chisel\chisel-tutorial\src\main\scala\problems\Accumulator.scala. Using presentation compiler with project's scala-library version: 3.3.5
2025.05.09 02:22:57 INFO  no build target found for E:\Academics\PhD\4.Chisel\chisel-tutorial\src\main\scala\problems\Accumulator.scala. Using presentation compiler with project's scala-library version: 3.3.5
2025.05.09 02:22:57 INFO  no build target found for E:\Academics\PhD\4.Chisel\chisel-tutorial\src\main\scala\problems\Accumulator.scala. Using presentation compiler with project's scala-library version: 3.3.5
2025.05.09 02:22:57 INFO  no build target found for E:\Academics\PhD\4.Chisel\chisel-tutorial\src\main\scala\problems\Accumulator.scala. Using presentation compiler with project's scala-library version: 3.3.5
2025.05.09 02:22:57 INFO  no build target found for E:\Academics\PhD\4.Chisel\chisel-tutorial\src\main\scala\problems\Accumulator.scala. Using presentation compiler with project's scala-library version: 3.3.5
2025.05.09 02:22:57 INFO  no build target found for E:\Academics\PhD\4.Chisel\chisel-tutorial\src\main\scala\problems\Accumulator.scala. Using presentation compiler with project's scala-library version: 3.3.5
2025.05.09 02:22:58 INFO  no build target found for E:\Academics\PhD\4.Chisel\chisel-tutorial\src\main\scala\problems\Accumulator.scala. Using presentation compiler with project's scala-library version: 3.3.5
2025.05.09 02:22:58 INFO  no build target found for E:\Academics\PhD\4.Chisel\chisel-tutorial\src\main\scala\problems\Accumulator.scala. Using presentation compiler with project's scala-library version: 3.3.5
2025.05.09 02:22:58 INFO  no build target found for E:\Academics\PhD\4.Chisel\chisel-tutorial\src\main\scala\problems\Accumulator.scala. Using presentation compiler with project's scala-library version: 3.3.5
2025.05.09 02:22:58 INFO  no build target found for E:\Academics\PhD\4.Chisel\chisel-tutorial\src\main\scala\problems\Accumulator.scala. Using presentation compiler with project's scala-library version: 3.3.5
2025.05.09 02:22:58 INFO  no build target found for E:\Academics\PhD\4.Chisel\chisel-tutorial\src\main\scala\problems\Accumulator.scala. Using presentation compiler with project's scala-library version: 3.3.5
2025.05.09 02:22:58 INFO  no build target found for E:\Academics\PhD\4.Chisel\chisel-tutorial\src\main\scala\problems\Accumulator.scala. Using presentation compiler with project's scala-library version: 3.3.5
2025.05.09 02:22:58 INFO  no build target found for E:\Academics\PhD\4.Chisel\chisel-tutorial\src\main\scala\problems\Accumulator.scala. Using presentation compiler with project's scala-library version: 3.3.5
2025.05.09 02:22:58 INFO  no build target found for E:\Academics\PhD\4.Chisel\chisel-tutorial\src\main\scala\problems\Accumulator.scala. Using presentation compiler with project's scala-library version: 3.3.5
2025.05.09 02:22:58 INFO  no build target found for E:\Academics\PhD\4.Chisel\chisel-tutorial\src\main\scala\problems\Accumulator.scala. Using presentation compiler with project's scala-library version: 3.3.5
2025.05.09 02:22:58 INFO  no build target found for E:\Academics\PhD\4.Chisel\chisel-tutorial\src\main\scala\problems\Accumulator.scala. Using presentation compiler with project's scala-library version: 3.3.5
2025.05.09 02:22:58 INFO  no build target found for E:\Academics\PhD\4.Chisel\chisel-tutorial\src\main\scala\problems\Accumulator.scala. Using presentation compiler with project's scala-library version: 3.3.5
2025.05.09 02:22:58 INFO  no build target found for E:\Academics\PhD\4.Chisel\chisel-tutorial\src\main\scala\problems\Accumulator.scala. Using presentation compiler with project's scala-library version: 3.3.5
2025.05.09 02:22:59 INFO  no build target found for E:\Academics\PhD\4.Chisel\chisel-tutorial\src\main\scala\problems\Accumulator.scala. Using presentation compiler with project's scala-library version: 3.3.5
2025.05.09 02:22:59 INFO  no build target found for E:\Academics\PhD\4.Chisel\chisel-tutorial\src\main\scala\problems\Accumulator.scala. Using presentation compiler with project's scala-library version: 3.3.5
2025.05.09 02:23:00 INFO  no build target found for E:\Academics\PhD\4.Chisel\chisel-tutorial\src\main\scala\problems\Accumulator.scala. Using presentation compiler with project's scala-library version: 3.3.5
2025.05.09 02:23:00 INFO  no build target found for E:\Academics\PhD\4.Chisel\chisel-tutorial\src\main\scala\problems\Accumulator.scala. Using presentation compiler with project's scala-library version: 3.3.5
2025.05.09 02:23:00 INFO  no build target found for E:\Academics\PhD\4.Chisel\chisel-tutorial\src\main\scala\problems\Accumulator.scala. Using presentation compiler with project's scala-library version: 3.3.5
2025.05.09 02:23:00 INFO  no build target found for E:\Academics\PhD\4.Chisel\chisel-tutorial\src\main\scala\problems\Accumulator.scala. Using presentation compiler with project's scala-library version: 3.3.5
2025.05.09 02:23:00 INFO  no build target found for E:\Academics\PhD\4.Chisel\chisel-tutorial\src\main\scala\problems\Accumulator.scala. Using presentation compiler with project's scala-library version: 3.3.5
2025.05.09 02:23:01 WARN  no build target for: E:\Academics\PhD\4.Chisel\chisel-tutorial\src\main\scala\problems\Accumulator.scala
2025.05.09 02:23:01 INFO  no build target found for E:\Academics\PhD\4.Chisel\chisel-tutorial\src\main\scala\problems\Accumulator.scala. Using presentation compiler with project's scala-library version: 3.3.5
2025.05.09 02:23:01 INFO  no build target found for E:\Academics\PhD\4.Chisel\chisel-tutorial\src\main\scala\problems\Accumulator.scala. Using presentation compiler with project's scala-library version: 3.3.5
2025.05.09 02:23:02 INFO  no build target found for E:\Academics\PhD\4.Chisel\chisel-tutorial\src\main\scala\problems\Accumulator.scala. Using presentation compiler with project's scala-library version: 3.3.5
2025.05.09 02:23:02 INFO  no build target found for E:\Academics\PhD\4.Chisel\chisel-tutorial\src\main\scala\problems\Accumulator.scala. Using presentation compiler with project's scala-library version: 3.3.5
2025.05.09 02:23:03 INFO  no build target found for E:\Academics\PhD\4.Chisel\chisel-tutorial\src\main\scala\problems\Accumulator.scala. Using presentation compiler with project's scala-library version: 3.3.5
2025.05.09 02:23:03 INFO  no build target found for E:\Academics\PhD\4.Chisel\chisel-tutorial\src\main\scala\problems\Accumulator.scala. Using presentation compiler with project's scala-library version: 3.3.5
2025.05.09 02:23:03 WARN  no build target for: E:\Academics\PhD\4.Chisel\chisel-tutorial\src\main\scala\problems\Accumulator.scala
2025.05.09 02:23:03 INFO  no build target found for E:\Academics\PhD\4.Chisel\chisel-tutorial\src\main\scala\problems\Accumulator.scala. Using presentation compiler with project's scala-library version: 3.3.5
2025.05.09 02:23:04 WARN  no build target for: E:\Academics\PhD\4.Chisel\chisel-tutorial\src\main\scala\problems\Accumulator.scala
2025.05.09 02:23:04 INFO  no build target found for E:\Academics\PhD\4.Chisel\chisel-tutorial\src\main\scala\problems\Accumulator.scala. Using presentation compiler with project's scala-library version: 3.3.5
2025.05.09 02:23:04 WARN  no build target for: E:\Academics\PhD\4.Chisel\chisel-tutorial\src\main\scala\problems\Accumulator.scala
2025.05.09 02:23:04 INFO  no build target found for E:\Academics\PhD\4.Chisel\chisel-tutorial\src\main\scala\problems\Accumulator.scala. Using presentation compiler with project's scala-library version: 3.3.5
2025.05.09 02:23:05 WARN  no build target for: E:\Academics\PhD\4.Chisel\chisel-tutorial\src\main\scala\problems\Accumulator.scala
2025.05.09 02:23:04 INFO  no build target found for E:\Academics\PhD\4.Chisel\chisel-tutorial\src\main\scala\problems\Accumulator.scala. Using presentation compiler with project's scala-library version: 3.3.5
2025.05.09 02:23:14 WARN  no build target for: E:\Academics\PhD\4.Chisel\chisel-tutorial\src\main\scala\problems\Accumulator.scala
2025.05.09 02:23:14 INFO  no build target found for E:\Academics\PhD\4.Chisel\chisel-tutorial\src\main\scala\problems\Accumulator.scala. Using presentation compiler with project's scala-library version: 3.3.5
